GDLIN,OBRAT,BLACK,HISPAN,MARRIED,LOANPRC,fit,se.fit
0,0,1,0,0,77.06418322515214,0.2989991704660417,0.08616298525549007
0,1,1,0,0,77.06418322515214,0.2933266971608201,0.08399043609794903
0,2,1,0,0,77.06418322515214,0.2877046100618095,0.08184370728892242
0,3,1,0,0,77.06418322515214,0.2821339620485064,0.07972452311808863
0,4,1,0,0,77.06418322515214,0.27661576879135796,0.07763457510955327
0,5,1,0,0,77.06418322515214,0.2711510082804951,0.07557552024479669
0,6,1,0,0,77.06418322515214,0.26574062039929314,0.07354897908208884
0,7,1,0,0,77.06418322515214,0.26038550654290527,0.07155653374207077
0,8,1,0,0,77.06418322515214,0.25508652928183756,0.06959972572564567
0,9,1,0,0,77.06418322515214,0.24984451207056113,0.0676800535268285
0,10,1,0,0,77.06418322515214,0.24466023900108685,0.06579896999992958
0,11,1,0,0,77.06418322515214,0.23953445460135528,0.06395787943760482
0,12,1,0,0,77.06418322515214,0.23446786367822245,0.062158134314164795
0,13,1,0,0,77.06418322515214,0.2294611312047574,0.06040103164742646
0,14,1,0,0,77.06418322515214,0.22451488225149424,0.05868780893272242
0,15,1,0,0,77.06418322515214,0.21962970196121748,0.05701963960492223
0,16,1,0,0,77.06418322515214,0.21480613556679629,0.05539762798900357
0,17,1,0,0,77.06418322515214,0.21004468845151544,0.053822803707416225
0,18,1,0,0,77.06418322515214,0.2053458262512939,0.05229611552380458
0,19,1,0,0,77.06418322515214,0.20070997499812054,0.05081842461816361
0,20,1,0,0,77.06418322515214,0.19613752130397633,0.04939049730867527
0,21,1,0,0,77.06418322515214,0.19162881258446368,0.04801299726062197
0,22,1,0,0,77.06418322515214,0.1871841573213027,0.046686477252940166
0,23,1,0,0,77.06418322515214,0.1828038253628084,0.04541137060783648
0,24,1,0,0,77.06418322515214,0.17848804826141315,0.044187982427626823
0,25,1,0,0,77.06418322515214,0.17423701964725022,0.04301648082418373
0,26,1,0,0,77.06418322515214,0.17005089563677533,0.04189688836805534
0,27,1,0,0,77.06418322515214,0.1659297952753563,0.04082907402376491
0,28,1,0,0,77.06418322515214,0.16187380101272766,0.03981274587175751
0,29,1,0,0,77.06418322515214,0.157882959210168,0.038847444942273233
0,30,1,0,0,77.06418322515214,0.15395728067822595,0.03793254049833227
0,31,1,0,0,77.06418322515214,0.15009674124379016,0.037067227100530564
0,32,1,0,0,77.06418322515214,0.1463012823452701,0.03625052376272432
0,33,1,0,0,77.06418322515214,0.14257081165463265,0.035481275463403524
0,34,1,0,0,77.06418322515214,0.13890520372501144,0.03475815721273877
0,35,1,0,0,77.06418322515214,0.13530430066259325,0.03407968079197483
0,36,1,0,0,77.06418322515214,0.1317679128214645,0.033444204184066705
0,37,1,0,0,77.06418322515214,0.12829581952008856,0.032849943608025636
0,38,1,0,0,77.06418322515214,0.12488776977807335,0.032294987961486284
0,39,1,0,0,77.06418322515214,0.12154348307188027,0.031777315374249375
0,40,1,0,0,77.06418322515214,0.11826265010811932,0.03129481148748814
0,41,1,0,0,77.06418322515214,0.11504493361307352,0.03084528900533783
0,42,1,0,0,77.06418322515214,0.11188996913709187,0.03042650802232375
0,43,1,0,0,77.06418322515214,0.10879736587249662,0.030036196613850513
0,44,1,0,0,77.06418322515214,0.10576670748365147,0.029672071187662054
0,45,1,0,0,77.06418322515214,0.1027975529478453,0.029331856129392764
0,46,1,0,0,77.06418322515214,0.09988943740565658,0.02901330233082119
0,47,1,0,0,77.06418322515214,0.09704187301947313,0.02871420425973273
0,48,1,0,0,77.06418322515214,0.09425434983885722,0.028432415309382616
0,49,1,0,0,77.06418322515214,0.09152633667146137,0.02816586124752518
0,50,1,0,0,77.06418322515214,0.08885728195821901,0.027912551664596053
0,51,1,0,0,77.06418322515214,0.08624661465155198,0.027670589393678724
0,52,1,0,0,77.06418322515214,0.08369374509536316,0.027438177938347293
0,53,1,0,0,77.06418322515214,0.0811980659056011,0.02721362699656947
0,54,1,0,0,77.06418322515214,0.07875895285021338,0.02699535620892052
0,55,1,0,0,77.06418322515214,0.07637576572733042,0.026781897287660148
0,56,1,0,0,77.06418322515214,0.0740478492405504,0.02657189470071288
0,57,1,0,0,77.06418322515214,0.07177453387022725,0.026364105092667834
0,58,1,0,0,77.06418322515214,0.06955513673969392,0.026157395625207303
0,59,1,0,0,77.06418322515214,0.06738896247538664,0.025950741413573338
0,60,1,0,0,77.06418322515214,0.06527530405987012,0.025743222225401142
0,61,1,0,0,77.06418322515214,0.06321344367679815,0.025534018594933594
0,62,1,0,0,77.06418322515214,0.061202653546880044,0.025322407490522707
0,63,1,0,0,77.06418322515214,0.05924219675396105,0.02510775765742723
0,64,1,0,0,77.06418322515214,0.05733132806036162,0.02488952474201236
0,65,1,0,0,77.06418322515214,0.055469294710658826,0.024667246288124958
0,66,1,0,0,77.06418322515214,0.053655337223132815,0.024440536682050682
0,67,1,0,0,77.06418322515214,0.05188869016814001,0.024209082109307344
0,68,1,0,0,77.06418322515214,0.05016858293271364,0.023972635574721082
0,69,1,0,0,77.06418322515214,0.048494240470734355,0.02373101202680958
0,70,1,0,0,77.06418322515214,0.04686488403805158,0.02348408361843423
0,71,1,0,0,77.06418322515214,0.04527973191197767,0.023231775127910703
0,72,1,0,0,77.06418322515214,0.04373800009461749,0.022974059558188403
0,73,1,0,0,77.06418322515214,0.04223890299953518,0.022710953926207235
0,74,1,0,0,77.06418322515214,0.04078165412130102,0.022442515249998102
0,75,1,0,0,77.06418322515214,0.03936546668750045,0.022168836737390306
0,76,1,0,0,77.06418322515214,0.03798955429282688,0.02189004417721106
0,77,1,0,0,77.06418322515214,0.036653131514919335,0.02160629253150481
0,78,1,0,0,77.06418322515214,0.03535541451164427,0.02131776272546505
0,79,1,0,0,77.06418322515214,0.034095621599558944,0.021024658630374428
0,80,1,0,0,77.06418322515214,0.032872973813331756,0.02072720423381516
0,81,1,0,0,77.06418322515214,0.03168669544593121,0.02042564099067381
0,82,1,0,0,77.06418322515214,0.030536014569431138,0.020120225347968843
0,83,1,0,0,77.06418322515214,0.02942016353631628,0.019811226436226702
0,84,1,0,0,77.06418322515214,0.028338379461205293,0.01949892391998314
0,85,1,0,0,77.06418322515214,0.02728990468294293,0.019183605999957474
0,86,1,0,0,77.06418322515214,0.026273987207045532,0.018865567559511517
0,87,1,0,0,77.06418322515214,0.025289881128515594,0.018545108448137775
0,88,1,0,0,77.06418322515214,0.024336847035072037,0.01822253189490707
0,89,1,0,0,77.06418322515214,0.023414152390872574,0.017898143045026616
0,90,1,0,0,77.06418322515214,0.02252107190083282,0.017572247612905646
0,91,1,0,0,77.06418322515214,0.021656887855674947,0.01724515064538716
0,92,1,0,0,77.06418322515214,0.020820890457864446,0.016917155389072784
0,93,1,0,0,77.06418322515214,0.020012378128619508,0.01658856225593951
0,94,1,0,0,77.06418322515214,0.019230657796200548,0.016259667881714998
0,95,1,0,0,77.06418322515214,0.018475045165712297,0.015930764271743107
0,0,1,0,1,77.06418322515214,0.3827161611181881,0.09218499271396363
0,1,1,0,1,77.06418322515214,0.3764697541421735,0.09013072997060509
0,2,1,0,1,77.06418322515214,0.3702555295930139,0.08808883371037327
0,3,1,0,1,77.06418322515214,0.3640749863747256,0.08606148453785846
0,4,1,0,1,77.06418322515214,0.3579295971772995,0.08405086141491722
0,5,1,0,1,77.06418322515214,0.3518208074359418,0.08205913963420199
0,6,1,0,1,77.06418322515214,0.3457500343255031,0.08008848863399036
0,7,1,0,1,77.06418322515214,0.3397186657912427,0.0781410696101921
0,8,1,0,1,77.06418322515214,0.33372805961700835,0.07621903287436062
0,9,1,0,1,77.06418322515214,0.3277795425318406,0.07432451489906645
0,10,1,0,1,77.06418322515214,0.32187440935595046,0.07245963498427235
0,11,1,0,1,77.06418322515214,0.31601392218694113,0.07062649147064409
0,12,1,0,1,77.06418322515214,0.3101993096270793,0.0688271574184043
0,13,1,0,1,77.06418322515214,0.3044317660523471,0.06706367566388145
0,14,1,0,1,77.06418322515214,0.29871245092393284,0.06533805316096701
0,15,1,0,1,77.06418322515214,0.29304248814274725,0.06365225451207844
0,16,1,0,1,77.06418322515214,0.28742296544747514,0.06200819459391759
0,17,1,0,1,77.06418322515214,0.28185493385660076,0.06040773018846241
0,18,1,0,1,77.06418322515214,0.27633940715476824,0.05885265054052646
0,19,1,0,1,77.06418322515214,0.2708773614237674,0.05734466678123855
0,20,1,0,1,77.06418322515214,0.26546973461835466,0.055885400183297754
0,21,1,0,1,77.06418322515214,0.2601174261870538,0.05447636925005879
0,22,1,0,1,77.06418322515214,0.254821296737997,0.0531189756872695
0,23,1,0,1,77.06418322515214,0.24958216774980418,0.051814489363915466
0,24,1,0,1,77.06418322515214,0.24440082132741708,0.050564032436582786
0,25,1,0,1,77.06418322515214,0.2392780000027394,0.04936856288837239
0,26,1,0,1,77.06418322515214,0.23421440657986137,0.04822885781568415
0,27,1,0,1,77.06418322515214,0.22921070402457822,0.04714549687963144
0,28,1,0,1,77.06418322515214,0.22426751539784412,0.046118846417463805
0,29,1,0,1,77.06418322515214,0.21938542383273688,0.04514904477592071
0,30,1,0,1,77.06418322515214,0.21456497255444515,0.04423598947491317
0,31,1,0,1,77.06418322515214,0.20980666494272243,0.043379326828342515
0,32,1,0,1,77.06418322515214,0.20511096463619746,0.0425784446322366
0,33,1,0,1,77.06418322515214,0.20047829567786504,0.041832468473873625
0,34,1,0,1,77.06418322515214,0.1959090427010272,0.041140262117528276
0,35,1,0,1,77.06418322515214,0.19140355115489807,0.04050043228528835
0,36,1,0,1,77.06418322515214,0.1869621275690348,0.0399113379817715
0,37,1,0,1,77.06418322515214,0.18258503985570157,0.039371104320316125
0,38,1,0,1,77.06418322515214,0.17827251764923102,0.03887764060925356
0,39,1,0,1,77.06418322515214,0.17402475268139705,0.03842866226573254
0,40,1,0,1,77.06418322515214,0.16984189919177115,0.03802171595656196
0,41,1,0,1,77.06418322515214,0.1657240743719936,0.03765420723382373
0,42,1,0,1,77.06418322515214,0.16167135884285253,0.03732342984700368
0,43,1,0,1,77.06418322515214,0.157683797163027,0.03702659587775342
0,44,1,0,1,77.06418322515214,0.15376139836831923,0.03676086585773318
0,45,1,0,1,77.06418322515214,0.1499041365401693,0.036523378089275686
0,46,1,0,1,77.06418322515214,0.14611195140221803,0.03631127648425057
0,47,1,0,1,77.06418322515214,0.14238474894366143,0.03612173635768552
0,48,1,0,1,77.06418322515214,0.13872240206811334,0.035951987747877896
0,49,1,0,1,77.06418322515214,0.13512475126667903,0.03579933597297015
0,50,1,0,1,77.06418322515214,0.13159160531392286,0.03566117926593185
0,51,1,0,1,77.06418322515214,0.12812274198539825,0.035535023448475075
0,52,1,0,1,77.06418322515214,0.12471790879540161,0.035418493704953265
0,53,1,0,1,77.06418322515214,0.12137682375359878,0.035309343597404744
0,54,1,0,1,77.06418322515214,0.11809917613916963,0.03520546152224938
0,55,1,0,1,77.06418322515214,0.11488462729111303,0.035104874848905024
0,56,1,0,1,77.06418322515214,0.11173281141335288,0.03500575200298164
0,57,1,0,1,77.06418322515214,0.10864333639328957,0.03490640276453928
0,58,1,0,1,77.06418322515214,0.10561578463244471,0.034805277048170664
0,59,1,0,1,77.06418322515214,0.10264971388785402,0.034700962419321274
0,60,1,0,1,77.06418322515214,0.09974465812287353,0.03459218058294762
0,61,1,0,1,77.06418322515214,0.09690012836607552,0.0344777830586162
0,62,1,0,1,77.06418322515214,0.09411561357692345,0.03435674623231831
0,63,1,0,1,77.06418322515214,0.09139058151693354,0.0342281659510595
0,64,1,0,1,77.06418322515214,0.08872447962504684,0.03409125180273059
0,65,1,0,1,77.06418322515214,0.08611673589595638,0.03394532120160973
0,66,1,0,1,77.06418322515214,0.08356675976015668,0.03378979337953402
0,67,1,0,1,77.06418322515214,0.0810739429645064,0.03362418336455814
0,68,1,0,1,77.06418322515214,0.07863766045211955,0.0334480960128647
0,69,1,0,1,77.06418322515214,0.07625727124043022,0.03326122014577483
0,70,1,0,1,77.06418322515214,0.07393211929630258,0.033063322831813256
0,71,1,0,1,77.06418322515214,0.07166153440708886,0.0328542438437509
0,72,1,0,1,77.06418322515214,0.06944483304657015,0.03263389031219448
0,73,1,0,1,77.06418322515214,0.06728131923474698,0.03240223159042042
0,74,1,0,1,77.06418322515214,0.06517028539048139,0.032159294339569405
0,75,1,0,1,77.06418322515214,0.06311101317602659,0.031905157838842894
0,76,1,0,1,77.06418322515214,0.061102774332516915,0.03163994952180781
0,77,1,0,1,77.06418322515214,0.05914483150552753,0.03136384073716849
0,78,1,0,1,77.06418322515214,0.05723643905985123,0.03107704273027083
0,79,1,0,1,77.06418322515214,0.05537684388267717,0.030779802840047252
0,80,1,0,1,77.06418322515214,0.05356528617439663,0.03047240090499206
0,81,1,0,1,77.06418322515214,0.05180100022629921,0.030155145870989178
0,82,1,0,1,77.06418322515214,0.05008321518446254,0.0298283725933266
0,83,1,0,1,77.06418322515214,0.04841115579917968,0.02949243882496553
0,84,1,0,1,77.06418322515214,0.0467840431593074,0.029147722383035524
0,85,1,0,1,77.06418322515214,0.0452010954109592,0.02879461848556107
0,86,1,0,1,77.06418322515214,0.04366152846000774,0.02843353725055636
0,87,1,0,1,77.06418322515214,0.04216455665790032,0.02806490134982714
0,88,1,0,1,77.06418322515214,0.04070939347033273,0.02768914381006932
0,89,1,0,1,77.06418322515214,0.0392952521283651,0.02730670595413808
0,90,1,0,1,77.06418322515214,0.03792134626160358,0.026918035475663675
0,91,1,0,1,77.06418322515214,0.03658689051311083,0.026523584640502872
0,92,1,0,1,77.06418322515214,0.035291101135746454,0.02612380860882721
0,93,1,0,1,77.06418322515214,0.034033196569677196,0.02571916387195926
0,94,1,0,1,77.06418322515214,0.03281239800083291,0.025310106798366584
0,95,1,0,1,77.06418322515214,0.031627929900123614,0.024897092283513583
1,0,1,0,0,77.06418322515214,0.9470168120410112,0.024441937164911196
1,1,1,0,0,77.06418322515214,0.9452207970552416,0.024615986879940325
1,2,1,0,0,77.06418322515214,0.9433769943800034,0.02478033939081217
1,3,1,0,0,77.06418322515214,0.9414846421984526,0.0249350340976655
1,4,1,0,0,77.06418322515214,0.9395429851247541,0.025080174819950885
1,5,1,0,0,77.06418322515214,0.9375512749906789,0.025215936107398505
1,6,1,0,0,77.06418322515214,0.9355087716448205,0.025342569921308344
1,7,1,0,0,77.06418322515214,0.9334147437636668,0.0254604126777496
1,8,1,0,0,77.06418322515214,0.9312684696737261,0.02556989263400448
1,9,1,0,0,77.06418322515214,0.929069238183865,0.02567153758649296
1,10,1,0,0,77.06418322515214,0.9268163494269832,0.025765982831977764
1,11,1,0,0,77.06418322515214,0.924509115710107,0.025853979323571002
1,12,1,0,0,77.06418322515214,0.9221468623719495,0.025936401928477088
1,13,1,0,0,77.06418322515214,0.9197289286469535,0.026014257665130745
1,14,1,0,0,77.06418322515214,0.9172546685347909,0.026088693763212767
1,15,1,0,0,77.06418322515214,0.9147234516742675,0.026161005351015724
1,16,1,0,0,77.06418322515214,0.9121346642205433,0.026232642531268138
1,17,1,0,0,77.06418322515214,0.9094877097245535,0.026305216559866184
1,18,1,0,0,77.06418322515214,0.9067820100134795,0.026380504793827947
1,19,1,0,0,77.06418322515214,0.9040170060710983,0.026460454027944308
1,20,1,0,0,77.06418322515214,0.9011921589168077,0.026547181797924667
1,21,1,0,0,77.06418322515214,0.8983069504821021,0.026642975196387815
1,22,1,0,0,77.06418322515214,0.8953608844832492,0.02675028673303242
1,23,1,0,0,77.06418322515214,0.8923534872889018,0.026871726778830655
1,24,1,0,0,77.06418322515214,0.8892843087813532,0.027010052173583637
1,25,1,0,0,77.06418322515214,0.8861529232101341,0.027168150653627317
1,26,1,0,0,77.06418322515214,0.8829589300366298,0.027349020877183862
1,27,1,0,0,77.06418322515214,0.8797019547683882,0.027555747990997505
1,28,1,0,0,77.06418322515214,0.8763816497817727,0.02779147489101981
1,29,1,0,0,77.06418322515214,0.8729976951316156,0.02805936957360266
1,30,1,0,0,77.06418322515214,0.8695497993465116,0.028362589236842334
1,31,1,0,0,77.06418322515214,0.8660377002083965,0.028704242052935536
1,32,1,0,0,77.06418322515214,0.8624611655150526,0.029087347765429098
1,33,1,0,0,77.06418322515214,0.8588199938241813,0.029514798442051567
1,34,1,0,0,77.06418322515214,0.8551140151776955,0.029989320808694715
1,35,1,0,0,77.06418322515214,0.8513430918048851,0.030513441584192877
1,36,1,0,0,77.06418322515214,0.8475071188031224,0.031089457120804787
1,37,1,0,0,77.06418322515214,0.8436060247947861,0.031719408437041206
1,38,1,0,0,77.06418322515214,0.8396397725590987,0.03240506242650665
1,39,1,0,0,77.06418322515214,0.8356083596375902,0.033147899668642684
1,40,1,0,0,77.06418322515214,0.8315118189119216,0.03394910889114337
1,41,1,0,0,77.06418322515214,0.8273502191528275,0.03480958777666379
1,42,1,0,0,77.06418322515214,0.823123665538959,0.03572994950076791
1,43,1,0,0,77.06418322515214,0.8188323001444457,0.03671053415722308
1,44,1,0,0,77.06418322515214,0.8144763023940189,0.037751424082663014
1,45,1,0,0,77.06418322515214,0.8100558894845764,0.03885246203574068
1,46,1,0,0,77.06418322515214,0.8055713167721126,0.04001327120697349
1,47,1,0,0,77.06418322515214,0.8010228781229642,0.04123327611874571
1,48,1,0,0,77.06418322515214,0.7964109062283801,0.04251172360138754
1,49,1,0,0,77.06418322515214,0.7917357728814554,0.043847703181795705
1,50,1,0,0,77.06418322515214,0.7869978892155287,0.04524016637879598
1,51,1,0,0,77.06418322515214,0.7821977059031824,0.046687944551041034
1,52,1,0,0,77.06418322515214,0.7773357133150439,0.048189765079413256
1,53,1,0,0,77.06418322515214,0.7724124416376394,0.04974426578126949
1,54,1,0,0,77.06418322515214,0.7674284609496063,0.0513500075462966
1,55,1,0,0,77.06418322515214,0.76238438125563,0.05300548525358022
1,56,1,0,0,77.06418322515214,0.7572808524775357,0.05470913707871417
1,57,1,0,0,77.06418322515214,0.7521185644020192,0.05645935233130604
1,58,1,0,0,77.06418322515214,0.7468982465845762,0.058254477980346504
1,59,1,0,0,77.06418322515214,0.7416206682092464,0.060092824030845704
1,60,1,0,0,77.06418322515214,0.7362866379038603,0.06197266791285171
1,61,1,0,0,77.06418322515214,0.7308970035105461,0.06389225803598594
1,62,1,0,0,77.06418322515214,0.7254526518113207,0.06584981665102056
1,63,1,0,0,77.06418322515214,0.719954508208664,0.06784354214639776
1,64,1,0,0,77.06418322515214,0.7144035363610438,0.06987161089315143
1,65,1,0,0,77.06418322515214,0.7088007377734338,0.07193217873729699
1,66,1,0,0,77.06418322515214,0.7031471513429408,0.07402338222498202
1,67,1,0,0,77.06418322515214,0.6974438528597307,0.07614333963290036
1,68,1,0,0,77.06418322515214,0.691691954463514,0.07829015186485869
1,69,1,0,0,77.06418322515214,0.6858926040559338,0.08046190326502788
1,70,1,0,0,77.06418322515214,0.6800469846692658,0.08265666238930808
1,71,1,0,0,77.06418322515214,0.6741563137919172,0.08487248276832933
1,72,1,0,0,77.06418322515214,0.668221842651288,0.0871074036888105
1,73,1,0,0,77.06418322515214,0.6622448554546276,0.08935945101420502
1,74,1,0,0,77.06418322515214,0.6562266685885955,0.0916266380606594
1,75,1,0,0,77.06418322515214,0.6501686297783057,0.09390696654018982
1,76,1,0,0,77.06418322515214,0.6440721172067064,0.09619842757954178
1,77,1,0,0,77.06418322515214,0.6379385385952165,0.09849900282033937
1,78,1,0,0,77.06418322515214,0.6317693302466096,0.10080666560376762
1,79,1,0,0,77.06418322515214,0.6255659560512017,0.10311938224109105
1,80,1,0,0,77.06418322515214,0.6193299064574693,0.10543511336972208
1,81,1,0,0,77.06418322515214,0.6130626974082838,0.10775181539326173
1,82,1,0,0,77.06418322515214,0.6067658692440118,0.11006744200288883
1,83,1,0,0,77.06418322515214,0.6004409855737933,0.11237994577663485
1,84,1,0,0,77.06418322515214,0.5940896321163671,0.11468727985241037
1,85,1,0,0,77.06418322515214,0.5877134155118634,0.11698739967012059
1,86,1,0,0,77.06418322515214,0.581313962106047,0.1192782647777927
1,87,1,0,0,77.06418322515214,0.5748929167085349,0.12155784069632121
1,88,1,0,0,77.06418322515214,0.5684519413265678,0.12382410083719647
1,89,1,0,0,77.06418322515214,0.561992713875955,0.12607502846740962
1,90,1,0,0,77.06418322515214,0.5555169268708591,0.1283086187156041
1,91,1,0,0,77.06418322515214,0.5490262860941226,0.13052288061347053
1,92,1,0,0,77.06418322515214,0.5425225092498771,0.13271583916633936
1,93,1,0,0,77.06418322515214,0.5360073246002076,0.13488553744692028
1,94,1,0,0,77.06418322515214,0.5294824695876759,0.13703003870615185
1,95,1,0,0,77.06418322515214,0.5229496894455309,0.1391474284951672
1,0,1,0,1,77.06418322515214,0.9675189119374467,0.016116383567335277
1,1,1,0,1,77.06418322515214,0.9663082423916542,0.01628269719826809
1,2,1,0,1,77.06418322515214,0.965060681765978,0.016443101136620536
1,3,1,0,1,77.06418322515214,0.9637754521020736,0.016597545816059135
1,4,1,0,1,77.06418322515214,0.9624517725447157,0.016746026804843085
1,5,1,0,1,77.06418322515214,0.9610888598949484,0.016888590267138872
1,6,1,0,1,77.06418322515214,0.9596859291823444,0.017025338834623153
1,7,1,0,1,77.06418322515214,0.9582421942561598,0.017156437895768355
1,8,1,0,1,77.06418322515214,0.9567568683951354,0.0172821223028285
1,9,1,0,1,77.06418322515214,0.9552291649356556,0.017402703486603926
1,10,1,0,1,77.06418322515214,0.9536582979179374,0.01751857695601819
1,11,1,0,1,77.06418322515214,0.9520434827498878,0.017630230142797593
1,12,1,0,1,77.06418322515214,0.9503839368882191,0.0177382505304954
1,13,1,0,1,77.06418322515214,0.9486788805363835,0.01784333398117309
1,14,1,0,1,77.06418322515214,0.946927537358838,0.017946293141762684
1,15,1,0,1,77.06418322515214,0.9451291352111177,0.018048065775217427
1,16,1,0,1,77.06418322515214,0.9432829068851507,0.01814972281908511
1,17,1,0,1,77.06418322515214,0.9413880908692108,0.01825247592670253
1,18,1,0,1,77.06418322515214,0.9394439321218618,0.018357684195138894
1,19,1,0,1,77.06418322515214,0.9374496828592084,0.018466859731601764
1,20,1,0,1,77.06418322515214,0.9354046033547269,0.01858167165975057
1,21,1,0,1,77.06418322515214,0.9333079627509143,0.01870394812409308
1,22,1,0,1,77.06418322515214,0.9311590398819471,0.018835675820648264
1,23,1,0,1,77.06418322515214,0.9289571241065122,0.018978996572887565
1,24,1,0,1,77.06418322515214,0.9267015161499264,0.019136200491973187
1,25,1,0,1,77.06418322515214,0.9243915289546291,0.019309715317815404
1,26,1,0,1,77.06418322515214,0.9220264885380933,0.019502091639484458
1,27,1,0,1,77.06418322515214,0.9196057348571673,0.019715983844096258
1,28,1,0,1,77.06418322515214,0.9171286226778212,0.01995412684171037
1,29,1,0,1,77.06418322515214,0.9145945224492453,0.020219308852818182
1,30,1,0,1,77.06418322515214,0.912002821181208,0.020514340809888836
1,31,1,0,1,77.06418322515214,0.9093529233235567,0.02084202319293708
1,32,1,0,1,77.06418322515214,0.9066442516467121,0.021205111363113475
1,33,1,0,1,77.06418322515214,0.9038762481219795,0.02160628064735864
1,34,1,0,1,77.06418322515214,0.9010483748004745,0.022048092532945412
1,35,1,0,1,77.06418322515214,0.8981601146894377,0.022532963332562765
1,36,1,0,1,77.06418322515214,0.8952109726246879,0.023063136569990338
1,37,1,0,1,77.06418322515214,0.8922004761379441,0.02364066011983721
1,38,1,0,1,77.06418322515214,0.8891281763177267,0.024267368833574273
1,39,1,0,1,77.06418322515214,0.8859936486625345,0.02494487303117755
1,40,1,0,1,77.06418322515214,0.8827964939249746,0.02567455287227506
1,41,1,0,1,77.06418322515214,0.8795363389455153,0.0264575582814277
1,42,1,0,1,77.06418322515214,0.8762128374745184,0.027294813821136698
1,43,1,0,1,77.06418322515214,0.8728256709812006,0.028187027704490938
1,44,1,0,1,77.06418322515214,0.8693745494481697,0.029134704025517814
1,45,1,0,1,77.06418322515214,0.865859212150176,0.030138157255878942
1,46,1,0,1,77.06418322515214,0.8622794284157214,0.031197528099003276
1,47,1,0,1,77.06418322515214,0.8586349983701697,0.03231279988903106
1,48,1,0,1,77.06418322515214,0.8549257536590074,0.033483814852219365
1,49,1,0,1,77.06418322515214,0.85115155814991,0.03471028969412849
1,50,1,0,1,77.06418322515214,0.8473123086122818,0.03599183012158047
1,51,1,0,1,77.06418322515214,0.8434079353729487,0.03732794404283151
1,52,1,0,1,77.06418322515214,0.8394384029466982,0.03871805330561598
1,53,1,0,1,77.06418322515214,0.835403710640382,0.04016150392738943
1,54,1,0,1,77.06418322515214,0.8313038931293156,0.04165757484476968
1,55,1,0,1,77.06418322515214,0.8271390210047332,0.04320548526137191
1,56,1,0,1,77.06418322515214,0.8229092012910864,0.04480440070763502
1,57,1,0,1,77.06418322515214,0.8186145779319984,0.046453437946028554
1,58,1,0,1,77.06418322515214,0.8142553322437257,0.04815166886344115
1,59,1,0,1,77.06418322515214,0.8098316833350053,0.04989812349255552
1,60,1,0,1,77.06418322515214,0.8053438884922117,0.051691792298171634
1,61,1,0,1,77.06418322515214,0.8007922435287818,0.05353162785483833
1,62,1,0,1,77.06418322515214,0.7961770830979109,0.05541654603041989
1,63,1,0,1,77.06418322515214,0.7914987809675698,0.05734542677756749
1,64,1,0,1,77.06418322515214,0.7867577502569383,0.059317114622344444
1,65,1,0,1,77.06418322515214,0.7819544436333999,0.061330418927041046
1,66,1,0,1,77.06418322515214,0.7770893534693013,0.06338411399286606
1,67,1,0,1,77.06418322515214,0.7721630119577247,0.06547693905790836
1,68,1,0,1,77.06418322515214,0.7671759911865867,0.06760759823660084
1,69,1,0,1,77.06418322515214,0.7621289031704331,0.06977476043888656
1,70,1,0,1,77.06418322515214,0.7570223998393579,0.07197705930032933
1,71,1,0,1,77.06418322515214,0.7518571729845406,0.07421309314844617
1,72,1,0,1,77.06418322515214,0.7466339541599598,0.07648142502546582
1,73,1,0,1,77.06418322515214,0.7413535145399037,0.07878058278343526
1,74,1,0,1,77.06418322515214,0.736016664731971,0.08110905926399961
1,75,1,0,1,77.06418322515214,0.7306242545453197,0.08346531257217907
1,76,1,0,1,77.06418322515214,0.7251771727139942,0.08584776645096687
1,77,1,0,1,77.06418322515214,0.7196763465752326,0.08825481076150145
1,78,1,0,1,77.06418322515214,0.7141227417027237,0.09068480207185245
1,79,1,0,1,77.06418322515214,0.7085173614948628,0.0931360643560458
1,80,1,0,1,77.06418322515214,0.7028612467181228,0.09560688980378679
1,81,1,0,1,77.06418322515214,0.6971554750057367,0.09809553974037921
1,82,1,0,1,77.06418322515214,0.6914011603119554,0.1006002456555456
1,83,1,0,1,77.06418322515214,0.6855994523222247,0.10311921033919952
1,84,1,0,1,77.06418322515214,0.6797515358196995,0.10565060912167938
1,85,1,0,1,77.06418322515214,0.6738586300085818,0.1081925912155055
1,86,1,0,1,77.06418322515214,0.6679219877948526,0.11074328115534537
1,87,1,0,1,77.06418322515214,0.6619428950250317,0.11330078033256383
1,88,1,0,1,77.06418322515214,0.6559226696836795,0.11586316862046671
1,89,1,0,1,77.06418322515214,0.6498626610504249,0.11842850608612898
1,90,1,0,1,77.06418322515214,0.643764248817371,0.12099483478450554
1,91,1,0,1,77.06418322515214,0.6376288421678078,0.12356018063036314
1,92,1,0,1,77.06418322515214,0.6314578788172227,0.12612255534343172
1,93,1,0,1,77.06418322515214,0.6252528240176709,0.12867995846205366
1,94,1,0,1,77.06418322515214,0.6190151695266337,0.13123037942050458
1,95,1,0,1,77.06418322515214,0.612746432541554,0.1337717996850705
0,0,0,1,0,77.06418322515214,0.28558577865183865,0.09341231398542901
0,1,0,1,0,77.06418322515214,0.280034907072334,0.09130800218624079
0,2,0,1,0,77.06418322515214,0.27453686562039015,0.08922994538698847
0,3,0,1,0,77.06418322515214,0.2690926178815572,0.08717961269775228
0,4,0,1,0,77.06418322515214,0.26370308918465607,0.08515842362475587
0,5,0,1,0,77.06418322515214,0.25836916623739004,0.0831677456596988
0,6,0,1,0,77.06418322515214,0.2530916968070044,0.08120889181396924
0,7,0,1,0,77.06418322515214,0.24787148944596454,0.07928311809151876
0,8,0,1,0,77.06418322515214,0.24270931326254805,0.07739162089516641
0,9,0,1,0,77.06418322515214,0.2376058977361776,0.07553553436249728
0,10,0,1,0,77.06418322515214,0.23256193257724975,0.07371592762939352
0,11,0,1,0,77.06418322515214,0.22757806763114816,0.07193380202163989
0,12,0,1,0,77.06418322515214,0.22265491282605915,0.07019008817802942
0,13,0,1,0,77.06418322515214,0.2177930381641444,0.06848564311200314
0,14,0,1,0,77.06418322515214,0.21299297375556056,0.06682124722311299
0,15,0,1,0,77.06418322515214,0.20825520989475194,0.06519760127450243
0,16,0,1,0,77.06418322515214,0.20358019717838258,0.06361532335813386
0,17,0,1,0,77.06418322515214,0.19896834666421628,0.06207494587558905
0,18,0,1,0,77.06418322515214,0.19442003007019257,0.060576912568829355
0,19,0,1,0,77.06418322515214,0.1899355800128985,0.05912157564217237
0,20,0,1,0,77.06418322515214,0.18551529028457653,0.0577091930237137
0,21,0,1,0,77.06418322515214,0.1811594161677641,0.05633992582123672
0,22,0,1,0,77.06418322515214,0.1768681747866108,0.055013836033994484
0,23,0,1,0,77.06418322515214,0.17264174549387354,0.05373088458725114
0,24,0,1,0,77.06418322515214,0.16848027029254803,0.05249092976074147
0,25,0,1,0,77.06418322515214,0.16438385429105545,0.05129372608482644
0,26,0,1,0,77.06418322515214,0.16035256619086438,0.05013892377868336
0,27,0,1,0,77.06418322515214,0.1563864388053934,0.049026068802993344
0,28,0,1,0,77.06418322515214,0.15248546960901008,0.047954603594971314
0,29,0,1,0,77.06418322515214,0.1486496213149082,0.04692386854601516
0,30,0,1,0,77.06418322515214,0.1448788224806236,0.045933104271660384
0,31,0,1,0,77.06418322515214,0.14117296813992056,0.044981454709999084
0,32,0,1,0,77.06418322515214,0.13753192045976306,0.04406797106852491
0,33,0,1,0,77.06418322515214,0.13395550942106407,0.04319161662094426
0,34,0,1,0,77.06418322515214,0.13044353352189328,0.04235127233547286
0,35,0,1,0,77.06418322515214,0.12699576050180758,0.041545743295283634
0,36,0,1,0,77.06418322515214,0.12361192808596197,0.04077376585096603
0,37,0,1,0,77.06418322515214,0.12029174474764763,0.04003401542502548
0,38,0,1,0,77.06418322515214,0.11703489048790228,0.039325114870519935
0,39,0,1,0,77.06418322515214,0.11384101763083314,0.038645643270742464
0,40,0,1,0,77.06418322515214,0.11070975163329543,0.037994145055131025
0,41,0,1,0,77.06418322515214,0.10764069190757011,0.037369139298844466
0,42,0,1,0,77.06418322515214,0.10463341265569194,0.03676912906999451
0,43,0,1,0,77.06418322515214,0.10168746371408573,0.03619261068943461
0,44,0,1,0,77.06418322515214,0.0988023714071787,0.03563808277310831
0,45,0,1,0,77.06418322515214,0.09597763940867007,0.03510405493586999
0,46,0,1,0,77.06418322515214,0.09321274960915256,0.03458905604784665
0,47,0,1,0,77.06418322515214,0.09050716298879877,0.03409164194912316
0,48,0,1,0,77.06418322515214,0.08786032049384265,0.033610402545037624
0,49,0,1,0,77.06418322515214,0.08527164391560822,0.033143968221885055
0,50,0,1,0,77.06418322515214,0.0827405367708602,0.03269101554059032
0,51,0,1,0,77.06418322515214,0.08026638518227483,0.032250272183241176
0,52,0,1,0,77.06418322515214,0.07784855875785691,0.03182052114368786
0,53,0,1,0,77.06418322515214,0.07548641146815548,0.03140060416825691
0,54,0,1,0,77.06418322515214,0.07317928252016043,0.030989424465662465
0,55,0,1,0,77.06418322515214,0.07092649722679359,0.030585948716225206
0,56,0,1,0,77.06418322515214,0.06872736787093889,0.0301892084194407
0,57,0,1,0,77.06418322515214,0.06658119456299005,0.0297983006257904
0,58,0,1,0,77.06418322515214,0.06448726609092895,0.02941238810355791
0,59,0,1,0,77.06418322515214,0.06244486076198229,0.029030698994458943
0,60,0,1,0,77.06418322515214,0.060453247234942165,0.028652526013319753
0,61,0,1,0,77.06418322515214,0.058511685342270844,0.028277225247069975
0,62,0,1,0,77.06418322515214,0.05661942690115098,0.027904214607188747
0,63,0,1,0,77.06418322515214,0.05477571651267808,0.027532971987689437
0,64,0,1,0,77.06418322515214,0.052979792348433814,0.02716303317796563
0,65,0,1,0,77.06418322515214,0.05123088692371551,0.026793989576551054
0,66,0,1,0,77.06418322515214,0.04952822785673967,0.026425485748242016
0,67,0,1,0,77.06418322515214,0.04787103861317554,0.026057216863245455
0,68,0,1,0,77.06418322515214,0.04625853923540542,0.025688926053171583
0,69,0,1,0,77.06418322515214,0.04468994705594954,0.025320401714889952
0,70,0,1,0,77.06418322515214,0.04316447739453253,0.024951474789587653
0,71,0,1,0,77.06418322515214,0.04168134423830887,0.02458201604086621
0,72,0,1,0,77.06418322515214,0.04023976090480553,0.024211933352431624
0,73,0,1,0,77.06418322515214,0.03883894068717834,0.023841169062892492
0,74,0,1,0,77.06418322515214,0.037478097481419344,0.023469697352400724
0,75,0,1,0,77.06418322515214,0.03615644639519021,0.023097521693349738
0,76,0,1,0,77.06418322515214,0.034873204337995754,0.02272467237508402
0,77,0,1,0,77.06418322515214,0.03362759059244969,0.02235120411056216
0,78,0,1,0,77.06418322515214,0.032418827366421335,0.02197719373113923
0,79,0,1,0,77.06418322515214,0.03124614032588905,0.02160273797407919
0,80,0,1,0,77.06418322515214,0.030108759108362058,0.02122795136605625
0,81,0,1,0,77.06418322515214,0.02900591781676683,0.020852964204737617
0,82,0,1,0,77.06418322515214,0.027936855493728877,0.020477920639541236
0,83,0,1,0,77.06418322515214,0.026900816576213904,0.02010297685181462
0,84,0,1,0,77.06418322515214,0.025897051330524525,0.01972829933396569
0,85,0,1,0,77.06418322515214,0.024924816267680148,0.019354063266480537
0,86,0,1,0,77.06418322515214,0.02398337453923823,0.01898045099127047
0,87,0,1,0,77.06418322515214,0.02307199631364377,0.018607650579388294
0,88,0,1,0,77.06418322515214,0.022189959133222973,0.018235854490830254
0,89,0,1,0,77.06418322515214,0.021336548251963516,0.017865258323884147
0,90,0,1,0,77.06418322515214,0.02051105695424966,0.017496059651285634
0,91,0,1,0,77.06418322515214,0.01971278685474645,0.017128456940297822
0,92,0,1,0,77.06418322515214,0.018941048179649145,0.016762648553720987
0,93,0,1,0,77.06418322515214,0.01819516002953828,0.016398831828770843
0,94,0,1,0,77.06418322515214,0.017474450624100836,0.016037202230721345
0,95,0,1,0,77.06418322515214,0.01677825752899876,0.01567795257819311
0,0,0,1,1,77.06418322515214,0.3679074554696061,0.10018151991992455
0,1,0,1,1,77.06418322515214,0.3617400728454777,0.09821632097235393
0,2,0,1,1,77.06418322515214,0.3556083957005038,0.09626532045384564
0,3,0,1,1,77.06418322515214,0.3495138588683091,0.09433045903090065
0,4,0,1,1,77.06418322515214,0.34345786855023464,0.09241365138819742
0,5,0,1,1,77.06418322515214,0.3374418013601679,0.09051678272791103
0,6,0,1,1,77.06418322515214,0.3314670034071801,0.08864170509969582
0,7,0,1,1,77.06418322515214,0.3255347894169563,0.08679023354477129
0,8,0,1,1,77.06418322515214,0.31964644189293634,0.08496414203785324
0,9,0,1,1,77.06418322515214,0.3138032103180147,0.08316515921157132
0,10,0,1,1,77.06418322515214,0.308006310397575,0.08139496384964527
0,11,0,1,1,77.06418322515214,0.3022569233445637,0.07965518013759784
0,12,0,1,1,77.06418322515214,0.2965561952072343,0.07794737266330652
0,13,0,1,1,77.06418322515214,0.29090523624011766,0.07627304116438398
0,14,0,1,1,77.06418322515214,0.2853051203187046,0.07463361502535883
0,15,0,1,1,77.06418322515214,0.2797568843982466,0.07303044753501171
0,16,0,1,1,77.06418322515214,0.27426152801701104,0.07146480992307641
0,17,0,1,1,77.06418322515214,0.26882001284425,0.06993788520585596
0,18,0,1,1,77.06418322515214,0.26343326227306785,0.06845076188207191
0,19,0,1,1,77.06418322515214,0.25810216105830025,0.06700442753330878
0,20,0,1,1,77.06418322515214,0.2528275549994409,0.06559976239747639
0,21,0,1,1,77.06418322515214,0.24761025066858378,0.06423753299840533
0,22,0,1,1,77.06418322515214,0.242451015183272,0.06291838592949509
0,23,0,1,1,77.06418322515214,0.23735057602407664,0.06164284190360002
0,24,0,1,1,77.06418322515214,0.23230962089665827,0.06041129019428989
0,25,0,1,1,77.06418322515214,0.2273287976379942,0.0592239836043858
0,26,0,1,1,77.06418322515214,0.2224087141663874,0.058081034105322664
0,27,0,1,1,77.06418322515214,0.21754993847480958,0.05698240929449366
0,28,0,1,1,77.06418322515214,0.2127529986670622,0.055927929816433776
0,29,0,1,1,77.06418322515214,0.2080183830361808,0.05491726788678743
0,30,0,1,1,77.06418322515214,0.2033465401844459,0.05394994704500422
0,31,0,1,1,77.06418322515214,0.1987378791843037,0.053025343242446524
0,32,0,1,1,77.06418322515214,0.19419276977944583,0.05214268734728126
0,33,0,1,1,77.06418322515214,0.18971154262524095,0.05130106911677469
0,34,0,1,1,77.06418322515214,0.1852944895676597,0.050499442652436
0,35,0,1,1,77.06418322515214,0.18094186395978287,0.049736633315262686
0,36,0,1,1,77.06418322515214,0.1766538810149396,0.04901134603882212
0,37,0,1,1,77.06418322515214,0.17243071819547037,0.04832217493894453
0,38,0,1,1,77.06418322515214,0.1682725156360744,0.04766761408234123
0,39,0,1,1,77.06418322515214,0.16417937660065568,0.047046069244338136
0,40,0,1,1,77.06418322515214,0.16015136797154753,0.04645587045972844
0,41,0,1,1,77.06418322515214,0.1561885207699587,0.045895285151738345
0,42,0,1,1,77.06418322515214,0.15229083070645497,0.04536253161304572
0,43,0,1,1,77.06418322515214,0.1484582587602581,0.044855792609978136
0,44,0,1,1,77.06418322515214,0.14469073178611883,0.04437322888622079
0,45,0,1,1,77.06418322515214,0.14098814314749766,0.0439129923549152
0,46,0,1,1,77.06418322515214,0.13735035337476353,0.04347323878686975
0,47,0,1,1,77.06418322515214,0.13377719084710596,0.04305213982641976
0,48,0,1,1,77.06418322515214,0.13026845249683752,0.04264789419378896
0,49,0,1,1,77.06418322515214,0.12682390453475256,0.04225873796211914
0,50,0,1,1,77.06418322515214,0.12344328319519768,0.04188295382720945
0,51,0,1,1,77.06418322515214,0.1201262954995019,0.04151887931716613
0,52,0,1,1,77.06418322515214,0.11687262003641039,0.041164913916538835
0,53,0,1,1,77.06418322515214,0.11368190775816231,0.04081952510429307
0,54,0,1,1,77.06418322515214,0.11055378279085598,0.04048125332657383
0,55,0,1,1,77.06418322515214,0.10748784325774534,0.04014871594333397
0,56,0,1,1,77.06418322515214,0.1044836621141192,0.03982061020242749
0,57,0,1,1,77.06418322515214,0.10154078799242049,0.039495715305781824
0,58,0,1,1,77.06418322515214,0.09865874605627595,0.03917289363998159
0,59,0,1,1,77.06418322515214,0.0958370388621161,0.03885109124833873
0,60,0,1,1,77.06418322515214,0.09307514722708264,0.03852933762366941
0,61,0,1,1,77.06418322515214,0.0903725311019359,0.038206744900957344
0,62,0,1,1,77.06418322515214,0.08772863044769413,0.0378825065272656
0,63,0,1,1,77.06418322515214,0.08514286611475815,0.03755589548306071
0,64,0,1,1,77.06418322515214,0.08261464072329588,0.03722626212489199
0,65,0,1,1,77.06418322515214,0.08014333954368878,0.036893031714447605
0,66,0,1,1,77.06418322515214,0.07772833137586456,0.036555701693659765
0,67,0,1,1,77.06418322515214,0.0753689694263728,0.036213838759983526
0,68,0,1,1,77.06418322515214,0.07306459218208505,0.03586707579040893
0,69,0,1,1,77.06418322515214,0.07081452427943635,0.035515108657328834
0,70,0,1,1,77.06418322515214,0.06861807736815298,0.03515769297417857
0,71,0,1,1,77.06418322515214,0.06647455096844762,0.03479464080386372
0,72,0,1,1,77.06418322515214,0.06438323332069608,0.034425817358448164
0,73,0,1,1,77.06418322515214,0.06234340222664584,0.03405113771440874
0,74,0,1,1,77.06418322515214,0.06035432588124278,0.033670563563990646
0,75,0,1,1,77.06418322515214,0.058415263694199554,0.03328410001981024
0,76,0,1,1,77.06418322515214,0.056525467100467575,0.032891792486840064
0,77,0,1,1,77.06418322515214,0.05468418035881225,0.032493723613253145
0,78,0,1,1,77.06418322515214,0.0528906413377315,0.03209001032927677
0,79,0,1,1,77.06418322515214,0.0511440822879954,0.03168080098118267
0,80,0,1,1,77.06418322515214,0.04944373060112612,0.03126627256579417
0,81,0,1,1,77.06418322515214,0.04778880955317685,0.030846628069393093
0,82,0,1,1,77.06418322515214,0.046178539033208205,0.03042209391363277
0,83,0,1,1,77.06418322515214,0.04461213625590166,0.02999291750998459
0,84,0,1,1,77.06418322515214,0.043088816457789614,0.029559364923337876
0,85,0,1,1,77.06418322515214,0.0416077935766211,0.029121718644616514
0,86,0,1,1,77.06418322515214,0.04016828091342348,0.028680275471650064
0,87,0,1,1,77.06418322515214,0.038769491776858615,0.02823534449702332
0,88,0,1,1,77.06418322515214,0.03741064010951274,0.027787245201211966
0,89,0,1,1,77.06418322515214,0.03609094109579729,0.027336305648977748
0,90,0,1,1,77.06418322515214,0.034809611751175945,0.02688286078673132
0,91,0,1,1,77.06418322515214,0.03356587149247319,0.026427250838367167
0,92,0,1,1,77.06418322515214,0.032358942689053316,0.02596981979691715
0,93,0,1,1,77.06418322515214,0.03118805119469903,0.025510914009256567
0,94,0,1,1,77.06418322515214,0.03005242686005195,0.025050880851015613
0,95,0,1,1,77.06418322515214,0.02895130402551363,0.024590067488797492
1,0,0,1,0,77.06418322515214,0.9426650578392901,0.0284084152144919
1,1,0,1,0,77.06418322515214,0.9407540948572801,0.0286922092935625
1,2,0,1,0,77.06418322515214,0.9387935423407068,0.028970511014309426
1,3,0,1,0,77.06418322515214,0.9367826550670615,0.029243540528282444
1,4,0,1,0,77.06418322515214,0.9347206961369117,0.029511580710229204
1,5,0,1,0,77.06418322515214,0.9326069377892617,0.0297749814166141
1,6,0,1,0,77.06418322515214,0.9304406622276524,0.030034163763430172
1,7,0,1,0,77.06418322515214,0.9282211624561467,0.030289624381104725
1,8,0,1,0,77.06418322515214,0.9259477431243055,0.030541939596019398
1,9,0,1,0,77.06418322515214,0.9236197213802277,0.030791769479087683
1,10,0,1,0,77.06418322515214,0.921236427730688,0.03103986169205177
1,11,0,1,0,77.06418322515214,0.9187972069073695,0.03128705505184102
1,12,0,1,0,77.06418322515214,0.9163014187381613,0.03153428272272165
1,13,0,1,0,77.06418322515214,0.9137484390224495,0.03178257493540774
1,14,0,1,0,77.06418322515214,0.9111376604093061,0.03203306112224973
1,15,0,1,0,77.06418322515214,0.908468493277444,0.03228697134864742
1,16,0,1,0,77.06418322515214,0.9057403666157823,0.032545636913646474
1,17,0,1,0,77.06418322515214,0.9029527289034358,0.0328104899880884
1,18,0,1,0,77.06418322515214,0.9001050489879191,0.03308306215760366
1,19,0,1,0,77.06418322515214,0.8971968169603292,0.03336498174113635
1,20,0,1,0,77.06418322515214,0.8942275450262521,0.033657969764535604
1,21,0,1,0,77.06418322515214,0.8911967683711172,0.03396383448393636
1,22,0,1,0,77.06418322515214,0.8881040460187007,0.034284464375894226
1,23,0,1,0,77.06418322515214,0.8849489616814747,0.034621819540959574
1,24,0,1,0,77.06418322515214,0.881731124601471,0.03497792150458619
1,25,0,1,0,77.06418322515214,0.8784501703803268,0.035354841443451225
1,26,0,1,0,77.06418322515214,0.8751057617971679,0.03575468691528057
1,27,0,1,0,77.06418322515214,0.8716975896129752,0.03617958722432113
1,28,0,1,0,77.06418322515214,0.8682253733600774,0.03663167761022112
1,29,0,1,0,77.06418322515214,0.8646888621154154,0.03711308250224795
1,30,0,1,0,77.06418322515214,0.8610878352562157,0.03762589813008854
1,31,0,1,0,77.06418322515214,0.8574221031967197,0.03817217482340429
1,32,0,1,0,77.06418322515214,0.8536915081046227,0.03875389936151905
1,33,0,1,0,77.06418322515214,0.8498959245958757,0.03937297774930905
1,34,0,1,0,77.06418322515214,0.8460352604065273,0.040031218793623424
1,35,0,1,0,77.06418322515214,0.8421094570402857,0.040730318835621254
1,36,0,1,0,77.06418322515214,0.8381184903905042,0.04147184795879393
1,37,0,1,0,77.06418322515214,0.8340623713353105,0.04225723794199496
1,38,0,1,0,77.06418322515214,0.8299411463046202,0.04308777216454555
1,39,0,1,0,77.06418322515214,0.8257548978178065,0.0439645776003423
1,40,0,1,0,77.06418322515214,0.8215037449908176,0.044888618964303025
1,41,0,1,0,77.06418322515214,0.817187844011569,0.045860695001968654
1,42,0,1,0,77.06418322515214,0.8128073885824696,0.046881436845818386
1,43,0,1,0,77.06418322515214,0.8083626103289772,0.047951308303338123
1,44,0,1,0,77.06418322515214,0.8038537791731135,0.04907060789464784
1,45,0,1,0,77.06418322515214,0.7992812036709167,0.050239472423003105
1,46,0,1,0,77.06418322515214,0.7946452313128469,0.05145788184013847
1,47,0,1,0,77.06418322515214,0.7899462487862087,0.0527256651596481
1,48,0,1,0,77.06418322515214,0.7851846821987049,0.05404250717408072
1,49,0,1,0,77.06418322515214,0.7803609972622825,0.05540795574330347
1,50,0,1,0,77.06418322515214,0.7754756994364896,0.05682142944082356
1,51,0,1,0,77.06418322515214,0.7705293340306147,0.05828222536893769
1,52,0,1,0,77.06418322515214,0.7655224862639365,0.05978952698072068
1,53,0,1,0,77.06418322515214,0.7604557812834758,0.06134241177511187
1,54,0,1,0,77.06418322515214,0.7553298841386997,0.06293985875919388
1,55,0,1,0,77.06418322515214,0.7501454997126873,0.06458075559800923
1,56,0,1,0,77.06418322515214,0.7449033726093444,0.06626390539610708
1,57,0,1,0,77.06418322515214,0.7396042869963035,0.06798803307595382
1,58,0,1,0,77.06418322515214,0.7342490664032278,0.06975179133614447
1,59,0,1,0,77.06418322515214,0.7288385734753009,0.07155376618699597
1,60,0,1,0,77.06418322515214,0.7233737096817515,0.07339248207273515
1,61,0,1,0,77.06418322515214,0.7178554149793428,0.07526640659835476
1,62,0,1,0,77.06418322515214,0.7122846674308194,0.07717395488562409
1,63,0,1,0,77.06418322515214,0.706662482778382,0.07911349358703947
1,64,0,1,0,77.06418322515214,0.7009899139723355,0.08108334458904125
1,65,0,1,0,77.06418322515214,0.6952680506551245,0.08308178843693008
1,66,0,1,0,77.06418322515214,0.689498018601052,0.08510706751389466
1,67,0,1,0,77.06418322515214,0.683680979112044,0.08715738900568207
1,68,0,1,0,77.06418322515214,0.677818128369905,0.0892309276809299
1,69,0,1,0,77.06418322515214,0.6719106967455755,0.09132582851523206
1,70,0,1,0,77.06418322515214,0.6659599480659846,0.09344020918478249
1,71,0,1,0,77.06418322515214,0.6599671788391566,0.09557216245306314
1,72,0,1,0,77.06418322515214,0.6539337174383104,0.09771975847160728
1,73,0,1,0,77.06418322515214,0.6478609232457565,0.09988104701345653
1,74,0,1,0,77.06418322515214,0.6417501857574706,0.10205405965558835
1,75,0,1,0,77.06418322515214,0.6356029236492922,0.10423681192436267
1,76,0,1,0,77.06418322515214,0.6294205838057624,0.10642730541594353
1,77,0,1,0,77.06418322515214,0.6232046403126869,0.10862352990171001
1,78,0,1,0,77.06418322515214,0.6169565934145692,0.11082346542688601
1,79,0,1,0,77.06418322515214,0.6106779684381287,0.11302508440899411
1,80,0,1,0,77.06418322515214,0.6043703146831748,0.11522635374126669
1,81,0,1,0,77.06418322515214,0.5980352042821716,0.11742523690482662
1,82,0,1,0,77.06418322515214,0.5916742310298809,0.11961969609226918
1,83,0,1,0,77.06418322515214,0.5852890091845306,0.12180769434422604
1,84,0,1,0,77.06418322515214,0.5788811722420047,0.1239871976995659
1,85,0,1,0,77.06418322515214,0.5724523716846008,0.1261561773590691
1,86,0,1,0,77.06418322515214,0.566004275705952,0.12831261186169934
1,87,0,1,0,77.06418322515214,0.5595385679137477,0.1304544892719748
1,88,0,1,0,77.06418322515214,0.5530569460119364,0.1325798093764022
1,89,0,1,0,77.06418322515214,0.5465611204641266,0.1346865858864767
1,90,0,1,0,77.06418322515214,0.5400528131399376,0.13677284864535538
1,91,0,1,0,77.06418322515214,0.533533755946087,0.13883664583498165
1,92,0,1,0,77.06418322515214,0.5270056894440286,0.14087604618015864
1,93,0,1,0,77.06418322515214,0.5204703614559754,0.1428891411458452
1,94,0,1,0,77.06418322515214,0.5139295256611736,0.1448740471237626
1,95,0,1,0,77.06418322515214,0.5073849401843024,0.14682890760426132
1,0,0,1,1,77.06418322515214,0.9645777225758323,0.018693923075724223
1,1,0,1,1,77.06418322515214,0.963278002482289,0.018935789166155063
1,2,0,1,1,77.06418322515214,0.9619395357050476,0.0191748202304857
1,3,0,1,1,77.06418322515214,0.9605615383049161,0.019411125735117933
1,4,0,1,1,77.06418322515214,0.9591432247932207,0.019644863050243468
1,5,0,1,1,77.06418322515214,0.957683808730064,0.019876241674751684
1,6,0,1,1,77.06418322515214,0.956182503341124,0.02010552759277501
1,7,0,1,1,77.06418322515214,0.9546385221526923,0.020333047733405062
1,8,0,1,1,77.06418322515214,0.9530510796446088,0.020559194497097633
1,9,0,1,1,77.06418322515214,0.9514193919207137,0.020784430303141182
1,10,0,1,1,77.06418322515214,0.9497426773963975,0.021009292102296934
1,11,0,1,1,77.06418322515214,0.9480201575027867,0.021234395787397744
1,12,0,1,1,77.06418322515214,0.9462510574070689,0.021460440422465605
1,13,0,1,1,77.06418322515214,0.9444346067484152,0.02168821219803196
1,14,0,1,1,77.06418322515214,0.9425700403889198,0.02191858800720028
1,15,0,1,1,77.06418322515214,0.9406565991789378,0.022152538524112333
1,16,0,1,1,77.06418322515214,0.9386935307361587,0.02239113065456582
1,17,0,1,1,77.06418322515214,0.9366800902377155,0.022635529218457105
1,18,0,1,1,77.06418322515214,0.9346155412245903,0.022886997716531386
1,19,0,1,1,77.06418322515214,0.9324991564175358,0.023146898030800243
1,20,0,1,1,77.06418322515214,0.930330218543692,0.023416688910208375
1,21,0,1,1,77.06418322515214,0.9281080211730474,0.023697923101981808
1,22,0,1,1,77.06418322515214,0.9258318695638423,0.02399224300574415
1,23,0,1,1,77.06418322515214,0.9235010815159904,0.02430137475286603
1,24,0,1,1,77.06418322515214,0.921114988231546,0.02462712064811535
1,25,0,1,1,77.06418322515214,0.9186729351812186,0.024971349954401364
1,26,0,1,1,77.06418322515214,0.9161742829758956,0.025335988053398224
1,27,0,1,1,77.06418322515214,0.9136184082421074,0.025723004073366827
1,28,0,1,1,77.06418322515214,0.9110047045003301,0.026134397137935715
1,29,0,1,1,77.06418322515214,0.9083325830450013,0.026572181452483492
1,30,0,1,1,77.06418322515214,0.9056014738250839,0.027038370503980915
1,31,0,1,1,77.06418322515214,0.9028108263239951,0.02753496070127009
1,32,0,1,1,77.06418322515214,0.899960110437688,0.02806391482146006
1,33,0,1,1,77.06418322515214,0.8970488173496491,0.028627145650665972
1,34,0,1,1,77.06418322515214,0.8940764604015572,0.029226500211037405
1,35,0,1,1,77.06418322515214,0.8910425759583213,0.02986374494968765
1,36,0,1,1,77.06418322515214,0.8879467242662082,0.03054055222921049
1,37,0,1,1,77.06418322515214,0.8847884903027442,0.031258488406130394
1,38,0,1,1,77.06418322515214,0.881567484617066,0.032019003716576996
1,39,0,1,1,77.06418322515214,0.878283344159388,0.03282342411253239
1,40,0,1,1,77.06418322515214,0.8749357330982359,0.033672945112601625
1,41,0,1,1,77.06418322515214,0.8715243436240974,0.03456862765383577
1,42,0,1,1,77.06418322515214,0.8680488967381309,0.03551139586058464
1,43,0,1,1,77.06418322515214,0.864509143024577,0.03650203658656245
1,44,0,1,1,77.06418322515214,0.86090486340551,0.037541200539897075
1,45,0,1,1,77.06418322515214,0.8572358698765785,0.0386294047691418
1,46,0,1,1,77.06418322515214,0.8535020062223866,0.0397670362710132
1,47,0,1,1,77.06418322515214,0.8497031487101727,0.04095435647683427
1,48,0,1,1,77.06418322515214,0.8458392067604599,0.042191506382375954
1,49,0,1,1,77.06418322515214,0.8419101235933611,0.04347851210259021
1,50,0,1,1,77.06418322515214,0.8379158768492444,0.04481529065602915
1,51,0,1,1,77.06418322515214,0.833856479182475,0.04620165581104684
1,52,0,1,1,77.06418322515214,0.8297319788269828,0.04763732385494766
1,53,0,1,1,77.06418322515214,0.8255424601324215,0.04912191917622539
1,54,0,1,1,77.06418322515214,0.8212880440697177,0.05065497957751045
1,55,0,1,1,77.06418322515214,0.8169688887048349,0.05223596126181594
1,56,0,1,1,77.06418322515214,0.812585189639617,0.05386424345654353
1,57,0,1,1,77.06418322515214,0.8081371804186037,0.05553913265820381
1,58,0,1,1,77.06418322515214,0.8036251329007554,0.057259866495902416
1,59,0,1,1,77.06418322515214,0.7990493575950643,0.05902561722351185
1,60,0,1,1,77.06418322515214,0.7944102039590686,0.06083549485938187
1,61,0,1,1,77.06418322515214,0.7897080606593406,0.06268854999879689
1,62,0,1,1,77.06418322515214,0.7849433557930606,0.06458377632855945
1,63,0,1,1,77.06418322515214,0.7801165570698433,0.06652011287544646
1,64,0,1,1,77.06418322515214,0.7752281719530371,0.06849644602121475
1,65,0,1,1,77.06418322515214,0.7702787477597695,0.07051161131664932
1,66,0,1,1,77.06418322515214,0.7652688717190729,0.07256439512613276
1,67,0,1,1,77.06418322515214,0.760199170987482,0.07465353613261047
1,68,0,1,1,77.06418322515214,0.7550703126215563,0.07677772673082553
1,69,0,1,1,77.06418322515214,0.7498830035068447,0.07893561433445856
1,70,0,1,1,77.06418322515214,0.7446379902428767,0.08112580262045271
1,71,0,1,1,77.06418322515214,0.7393360589838236,0.08334685273142609
1,72,0,1,1,77.06418322515214,0.7339780352345519,0.08559728445473692
1,73,0,1,1,77.06418322515214,0.7285647836018516,0.08787557739452571
1,74,0,1,1,77.06418322515214,0.7230972075006967,0.09018017215093443
1,75,0,1,1,77.06418322515214,0.7175762488154658,0.09250947151872509
1,76,0,1,1,77.06418322515214,0.7120028875161225,0.09486184171569047
1,77,0,1,1,77.06418322515214,0.7063781412294311,0.09723561364957363
1,78,0,1,1,77.06418322515214,0.7007030647653516,0.09962908423068842
1,79,0,1,1,77.06418322515214,0.6949787495988384,0.1020405177360523
1,80,0,1,1,77.06418322515214,0.6892063233073356,0.10446814722959845
1,81,0,1,1,77.06418322515214,0.6833869489643419,0.10691017604191652
1,82,0,1,1,77.06418322515214,0.6775218244894876,0.10936477931196996
1,83,0,1,1,77.06418322515214,0.6716121819556435,0.11183010559234265
1,84,0,1,1,77.06418322515214,0.6656592868536553,0.11430427851876901
1,85,0,1,1,77.06418322515214,0.6596644373153681,0.11678539854398944
1,86,0,1,1,77.06418322515214,0.6536289632956824,0.11927154473533777
1,87,0,1,1,77.06418322515214,0.64755422571445,0.12176077663490438
1,88,0,1,1,77.06418322515214,0.6414416155590925,0.1242511361806137
1,89,0,1,1,77.06418322515214,0.6352925529488948,0.12674064968611082
1,90,0,1,1,77.06418322515214,0.6291084861619902,0.12922732987695185
1,91,0,1,1,77.06418322515214,0.6228908906261271,0.1317091779802434
1,92,0,1,1,77.06418322515214,0.6166412678743662,0.1341841858645597
1,93,0,1,1,77.06418322515214,0.6103611444669235,0.13665033822669354
1,94,0,1,1,77.06418322515214,0.6040520708804367,0.13910561482154885
1,95,0,1,1,77.06418322515214,0.5977156203659897,0.1415479927312703
0,0,0,0,0,77.06418322515214,0.4583447920832279,0.09051771636655798
0,1,0,0,0,77.06418322515214,0.4518393955503671,0.08862055130004085
0,2,0,0,0,77.06418322515214,0.4453469054337496,0.08672382594249516
0,3,0,0,0,77.06418322515214,0.4388690409230259,0.08482996759140829
0,4,0,0,0,77.06418322515214,0.4324075094672932,0.0829414432369186
0,5,0,0,0,77.06418322515214,0.4259640054254774,0.08106075908654058
0,6,0,0,0,77.06418322515214,0.419540208734198,0.07919046000140362
0,7,0,0,0,77.06418322515214,0.4131377835948615,0.07733312878773962
0,8,0,0,0,77.06418322515214,0.40675837718169083,0.07549138527295696
0,9,0,0,0,77.06418322515214,0.40040361837236105,0.07366788507890216
0,10,0,0,0,77.06418322515214,0.39407511650286864,0.07186531798571842
0,11,0,0,0,77.06418322515214,0.38777446014821776,0.0700864057580648
0,12,0,0,0,77.06418322515214,0.3815032159304572,0.06833389928153248
0,13,0,0,0,77.06418322515214,0.37526292735555444,0.0666105748313029
0,14,0,0,0,77.06418322515214,0.3690551136805361,0.06491922926820337
0,15,0,0,0,77.06418322515214,0.36288126881227356,0.0632626739305439
0,16,0,0,0,77.06418322515214,0.35674286023922885,0.061643726965260645
0,17,0,0,0,77.06418322515214,0.3506413279974221,0.06006520382144109
0,18,0,0,0,77.06418322515214,0.3445780836718154,0.05852990561655818
0,19,0,0,0,77.06418322515214,0.3385545094342455,0.05704060508485005
0,20,0,0,0,77.06418322515214,0.3325719571189719,0.055600029833221064
0,21,0,0,0,77.06418322515214,0.32663174733684147,0.05421084266841982
0,22,0,0,0,77.06418322515214,0.3207351686289974,0.052875618825943944
0,23,0,0,0,77.06418322515214,0.3148834766609966,0.051596820031613616
0,24,0,0,0,77.06418322515214,0.3090778934581221,0.05037676546521645
0,25,0,0,0,77.06418322515214,0.3033196066826106,0.04921759987368781
0,26,0,0,0,77.06418322515214,0.2976097689534374,0.04812125929663777
0,27,0,0,0,77.06418322515214,0.29194949720923213,0.04708943511199169
0,28,0,0,0,77.06418322515214,0.28633987211482004,0.04612353736991684
0,29,0,0,0,77.06418322515214,0.2807819375118133,0.045224658638026626
0,30,0,0,0,77.06418322515214,0.2752766999135993,0.04439353980289681
0,31,0,0,0,77.06418322515214,0.2698251280450005,0.043630539431082915
0,32,0,0,0,77.06418322515214,0.2644281524268037,0.042935608355860334
0,33,0,0,0,77.06418322515214,0.2590866650052863,0.042308271097550906
0,34,0,0,0,77.06418322515214,0.2538015188267886,0.04174761552984447
0,35,0,0,0,77.06418322515214,0.2485735277573124,0.04125229187173066
0,36,0,0,0,77.06418322515214,0.24340346624705317,0.04082052163262492
0,37,0,0,0,77.06418322515214,0.23829206913969936,0.040450116603160356
0,38,0,0,0,77.06418322515214,0.23324003152626557,0.04013850741621258
0,39,0,0,0,77.06418322515214,0.22824800864315523,0.03988278065934377
0,40,0,0,0,77.06418322515214,0.22331661581408208,0.039679723056424594
0,41,0,0,0,77.06418322515214,0.21844642843541265,0.03952587089748707
0,42,0,0,0,77.06418322515214,0.2136379820044274,0.0394175627093308
0,43,0,0,0,77.06418322515214,0.20889177218993732,0.03935099313204272
0,44,0,0,0,77.06418322515214,0.20420825494462821,0.03932226608571112
0,45,0,0,0,77.06418322515214,0.19958784665844959,0.03932744554901636
0,46,0,0,0,77.06418322515214,0.19503092435230523,0.039362602589531254
0,47,0,0,0,77.06418322515214,0.19053782591125015,0.03942385764430634
0,48,0,0,0,77.06418322515214,0.18610885035634253,0.03950741741164893
0,49,0,0,0,77.06418322515214,0.18174425815425335,0.03960960605113833
0,50,0,0,0,77.06418322515214,0.17744427156368436,0.03972689067825326
0,51,0,0,0,77.06418322515214,0.17320907501760185,0.03985590137126354
0,52,0,0,0,77.06418322515214,0.16903881554025066,0.039993446078154526
0,53,0,0,0,77.06418322515214,0.16493360319787034,0.04013652092342904
0,54,0,0,0,77.06418322515214,0.16089351158200124,0.04028231647587592
0,55,0,0,0,77.06418322515214,0.15691857832422873,0.04042822055813308
0,56,0,0,0,77.06418322515214,0.15300880564118524,0.04057181816699454
0,57,0,0,0,77.06418322515214,0.14916416090859777,0.04071088903924812
0,58,0,0,0,77.06418322515214,0.1453845772631418,0.040843403349513696
0,59,0,0,0,77.06418322515214,0.1416699542308396,0.04096751597069461
0,60,0,0,0,77.06418322515214,0.13802015838071693,0.041081559669322816
0,61,0,0,0,77.06418322515214,0.1344350240024165,0.04118403755090188
0,62,0,0,0,77.06418322515214,0.1309143538064485,0.04127361501674628
0,63,0,0,0,77.06418322515214,0.12745791964574502,0.04134911144521792
0,64,0,0,0,77.06418322515214,0.12406546325717699,0.041409491767364616
0,65,0,0,0,77.06418322515214,0.12073669702168104,0.04145385806993597
0,66,0,0,0,77.06418322515214,0.1174713047416427,0.041481441327393585
0,67,0,0,0,77.06418322515214,0.11426894243417504,0.04149159333842664
0,68,0,0,0,77.06418322515214,0.11112923913893669,0.04148377892109343
0,69,0,0,0,77.06418322515214,0.10805179773913204,0.04145756840344779
0,70,0,0,0,77.06418322515214,0.10503619579434392,0.04141263043279022
0,71,0,0,0,77.06418322515214,0.10208198638385439,0.041348725115954395
0,72,0,0,0,77.06418322515214,0.09918869895912191,0.04126569749479581
0,73,0,0,0,77.06418322515214,0.09635584020409252,0.04116347135484295
0,74,0,0,0,77.06418322515214,0.09358289490203886,0.04104204336051681
0,75,0,0,0,77.06418322515214,0.09086932680763694,0.04090147750709089
0,76,0,0,0,77.06418322515214,0.0882145795230076,0.04074189987737392
0,77,0,0,0,77.06418322515214,0.08561807737647364,0.040563493689724284
0,78,0,0,0,77.06418322515214,0.0830792263028023,0.040366494623256345
0,79,0,0,0,77.06418322515214,0.08059741472372922,0.04015118640582718
0,80,0,0,0,77.06418322515214,0.07817201442758549,0.03991789665047051
0,81,0,0,0,77.06418322515214,0.07580238144687686,0.03966699292627963
0,82,0,0,0,77.06418322515214,0.07348785693269297,0.03939887905025142
0,83,0,0,0,77.06418322515214,0.07122776802485614,0.03911399158723591
0,84,0,0,0,77.06418322515214,0.06902142871674988,0.03881279654583584
0,85,0,0,0,77.06418322515214,0.06686814071380107,0.0384957862588413
0,86,0,0,0,77.06418322515214,0.06476719428462425,0.038163476437534004
0,87,0,0,0,77.06418322515214,0.06271786910387038,0.0378164033899371
0,88,0,0,0,77.06418322515214,0.060719435085861084,0.03745512139380528
0,89,0,0,0,77.06418322515214,0.05877115320812421,0.03708020021583775
0,90,0,0,0,77.06418322515214,0.05687227632398523,0.036692222769244255
0,91,0,0,0,77.06418322515214,0.05502204996340771,0.036291782902402966
0,92,0,0,0,77.06418322515214,0.05321971312131493,0.03587948331191108
0,93,0,0,0,77.06418322515214,0.051464499032663286,0.03545593357384931
0,94,0,0,0,77.06418322515214,0.04975563593357984,0.03502174828755734
0,95,0,0,0,77.06418322515214,0.048092347807914035,0.03457754532665131
0,0,0,0,1,77.06418322515214,0.5494697269560713,0.08736406419650346
0,1,0,0,1,77.06418322515214,0.5429667918419783,0.08575819100259566
0,2,0,0,1,77.06418322515214,0.5364523306563521,0.08413933315281055
0,3,0,0,1,77.06418322515214,0.5299280802592243,0.08250989757059063
0,4,0,0,1,77.06418322515214,0.5233957853965243,0.08087237523641269
0,5,0,0,1,77.06418322515214,0.5168571973004847,0.07922934301304861
0,6,0,0,1,77.06418322515214,0.5103140722813317,0.07758346553252347
0,7,0,0,1,77.06418322515214,0.503768170312146,0.07593749709435035
0,8,0,0,1,77.06418322515214,0.4972212536087967,0.07429428350533729
0,9,0,0,1,77.06418322515214,0.49067508520685515,0.07265676376752113
0,10,0,0,1,77.06418322515214,0.48413142753740646,0.07102797149191933
0,11,0,0,1,77.06418322515214,0.4775920410036744,0.06941103588118785
0,12,0,0,1,77.06418322515214,0.4710586825603755,0.0678091820834324
0,13,0,0,1,77.06418322515214,0.46453310429771366,0.06622573067208495
0,14,0,0,1,77.06418322515214,0.4580170520319167,0.0646640959530874
0,15,0,0,1,77.06418322515214,0.45151226390420424,0.06312778274141394
0,16,0,0,1,77.06418322515214,0.4450204689900608,0.06162038118594312
0,17,0,0,1,77.06418322515214,0.4385433859206685,0.06014555915786417
0,18,0,0,1,77.06418322515214,0.4320827215183306,0.058707051657849
0,19,0,0,1,77.06418322515214,0.42564016944769156,0.0573086466478835
0,20,0,0,1,77.06418322515214,0.4192174088845286,0.055954166684044224
0,21,0,0,1,77.06418322515214,0.41281610320385803,0.05464744572824433
0,22,0,0,1,77.06418322515214,0.40643789868906327,0.05339230056391963
0,23,0,0,1,77.06418322515214,0.40008442326371174,0.0521924963480805
0,24,0,0,1,77.06418322515214,0.3937572852476865,0.051051706015268136
0,25,0,0,1,77.06418322515214,0.38745807213921235,0.049973463520166635
0,26,0,0,1,77.06418322515214,0.3811883494243101,0.04896111127118874
0,27,0,0,1,77.06418322515214,0.37494965941515984,0.048017742563123564
0,28,0,0,1,77.06418322515214,0.36874352011880207,0.04714614034409755
0,29,0,0,1,77.06418322515214,0.36257142413755095,0.04634871421394723
0,30,0,0,1,77.06418322515214,0.35643483760243416,0.04562743809223847
0,31,0,0,1,77.06418322515214,0.3503351991409143,0.04498379144364891
0,32,0,0,1,77.06418322515214,0.34427391888008596,0.04441870722780717
0,33,0,0,1,77.06418322515214,0.3382523774864772,0.04393252977678288
0,34,0,0,1,77.06418322515214,0.33227192524351806,0.04352498554409088
0,35,0,0,1,77.06418322515214,0.32633388116767376,0.04319516909840939
0,36,0,0,1,77.06418322515214,0.3204395321641683,0.04294154588383678
0,37,0,0,1,77.06418322515214,0.3145901322231565,0.04276197221484936
0,38,0,0,1,77.06418322515214,0.3087869016571303,0.042653731834696784
0,39,0,0,1,77.06418322515214,0.303031026380273,0.042613587275926595
0,40,0,0,1,77.06418322515214,0.29732365723040316,0.04263784335008924
0,41,0,0,1,77.06418322515214,0.2916659093340741,0.042722419459688035
0,42,0,0,1,77.06418322515214,0.28605886151532356,0.04286292712219058
0,43,0,0,1,77.06418322515214,0.28050355574849206,0.04305474912490742
0,44,0,0,1,77.06418322515214,0.27500099665545363,0.04329311704651775
0,45,0,0,1,77.06418322515214,0.26955215104753044,0.043573184410111106
0,46,0,0,1,77.06418322515214,0.2641579475122845,0.043890093384084734
0,47,0,0,1,77.06418322515214,0.2588192760453105,0.04423903363415723
0,48,0,0,1,77.06418322515214,0.253536987727076,0.04461529258024431
0,49,0,0,1,77.06418322515214,0.2483118944447848,0.04501429687563079
0,50,0,0,1,77.06418322515214,0.24314476865916668,0.045431645374998636
0,51,0,0,1,77.06418322515214,0.23803634321602474,0.04586313418439823
0,52,0,0,1,77.06418322515214,0.23298731120230276,0.04630477459691261
0,53,0,0,1,77.06418322515214,0.22799832584636495,0.04675280482856693
0,54,0,0,1,77.06418322515214,0.2230700004621143,0.047203696500372254
0,55,0,0,1,77.06418322515214,0.21820290843650778,0.04765415678530072
0,56,0,0,1,77.06418322515214,0.21339758325996327,0.0481011270727071
0,57,0,0,1,77.06418322515214,0.20865451859909262,0.04854177891335346
0,58,0,0,1,77.06418322515214,0.20397416841112834,0.04897350790831519
0,59,0,0,1,77.06418322515214,0.19935694709935967,0.04939392610376023
0,60,0,0,1,77.06418322515214,0.1948032297088309,0.04980085335702765
0,61,0,0,1,77.06418322515214,0.19031335216150513,0.050192308051297214
0,62,0,0,1,77.06418322515214,0.18588761153003852,0.05056649745833312
0,63,0,0,1,77.06418322515214,0.18152626634926566,0.05092180798189934
0,64,0,0,1,77.06418322515214,0.1772295369644451,0.051256795458217305
0,65,0,0,1,77.06418322515214,0.17299760591526814,0.05157017564348399
0,66,0,0,1,77.06418322515214,0.16883061835459554,0.05186081498092772
0,67,0,0,1,77.06418322515214,0.1647286825008416,0.052127721709980805
0,68,0,0,1,77.06418322515214,0.16069187012289002,0.052370037356733595
0,69,0,0,1,77.06418322515214,0.15672021705638955,0.05258702862681562
0,70,0,0,1,77.06418322515214,0.15281372375024802,0.052778079708249166
0,71,0,0,1,77.06418322515214,0.1489723558421085,0.05294268498178758
0,72,0,0,1,77.06418322515214,0.14519604476157025,0.05308044212905882
0,73,0,0,1,77.06418322515214,0.14148468835988895,0.05319104562387487
0,74,0,0,1,77.06418322515214,0.13783815156487086,0.05327428058884072
0,75,0,0,1,77.06418322515214,0.13425626705965774,0.053330016997494165
0,76,0,0,1,77.06418322515214,0.1307388359840809,0.05335820420130108
0,77,0,0,1,77.06418322515214,0.1272856286572531,0.053358865760663204
0,78,0,0,1,77.06418322515214,0.12389638532005443,0.05333209455945598
0,79,0,0,1,77.06418322515214,0.12057081689616055,0.053278048183348664
0,80,0,0,1,77.06418322515214,0.11730860577025788,0.053196944543140445
0,81,0,0,1,77.06418322515214,0.1141094065820874,0.05308905772548254
0,82,0,0,1,77.06418322515214,0.11097284703495783,0.0529547140545751
0,83,0,0,1,77.06418322515214,0.10789852871737399,0.05279428834967999
0,84,0,0,1,77.06418322515214,0.10488602793642916,0.05260820036453248
0,85,0,0,1,77.06418322515214,0.10193489656161907,0.05239691139594562
0,86,0,0,1,77.06418322515214,0.09904466287774465,0.05216092105005761
0,87,0,0,1,77.06418322515214,0.09621483244558263,0.05190076415576536
0,88,0,0,1,77.06418322515214,0.0934448889690192,0.0516170078159073
0,89,0,0,1,77.06418322515214,0.09073429516735634,0.05131024858770536
0,90,0,0,1,77.06418322515214,0.08808249365151999,0.05098110978484353
0,91,0,0,1,77.06418322515214,0.0854889078029209,0.05063023889435653
0,92,0,0,1,77.06418322515214,0.08295294265374015,0.0502583051022222
0,93,0,0,1,77.06418322515214,0.08047398576743538,0.049865996922204274
0,94,0,0,1,77.06418322515214,0.07805140811829255,0.049454019923078796
0,95,0,0,1,77.06418322515214,0.07568456496887171,0.04902309454990258
1,0,0,0,0,77.06418322515214,0.9792883873727922,0.00968198279343925
1,1,0,0,0,77.06418322515214,0.9784560917287282,0.009756745966426745
1,2,0,0,0,77.06418322515214,0.9775957033793135,0.009824086035927286
1,3,0,0,0,77.06418322515214,0.9767065136045624,0.009883694234955026
1,4,0,0,0,77.06418322515214,0.9757878057307593,0.009935281113476902
1,5,0,0,0,77.06418322515214,0.9748388554538624,0.009978581263490749
1,6,0,0,0,77.06418322515214,0.9738589311819971,0.010013358750400351
1,7,0,0,0,77.06418322515214,0.9728472943971992,0.010039413361316142
1,8,0,0,0,77.06418322515214,0.9718032000365464,0.010056587798386104
1,9,0,0,0,77.06418322515214,0.9707258968927843,0.010064775964716393
1,10,0,0,0,77.06418322515214,0.9696146280345291,0.010063932511577138
1,11,0,0,0,77.06418322515214,0.9684686312460958,0.010054083837724801
1,12,0,0,0,77.06418322515214,0.9672871394869741,0.010035340753519525
1,13,0,0,0,77.06418322515214,0.9660693813709376,0.010007913041864543
1,14,0,0,0,77.06418322515214,0.9648145816647451,0.009972126161259885
1,15,0,0,0,77.06418322515214,0.9635219618063543,0.009928440337875736
1,16,0,0,0,77.06418322515214,0.9621907404425362,0.0098774722751572
1,17,0,0,0,77.06418322515214,0.9608201339857437,0.009820019658949119
1,18,0,0,0,77.06418322515214,0.9594093571900504,0.00975708853650808
1,19,0,0,0,77.06418322515214,0.95795762374594,0.009689923476280312
1,20,0,0,0,77.06418322515214,0.9564641468936876,0.00962004014308255
1,21,0,0,0,77.06418322515214,0.9549281400550413,0.009549259516559251
1,22,0,0,0,77.06418322515214,0.9533488174828634,0.009479742405179839
1,23,0,0,0,77.06418322515214,0.9517253949283653,0.00941402213834789
1,24,0,0,0,77.06418322515214,0.9500570903255192,0.00935503235685322
1,25,0,0,0,77.06418322515214,0.9483431244921954,0.009306125722449269
1,26,0,0,0,77.06418322515214,0.9465827218475336,0.009271078276402306
1,27,0,0,0,77.06418322515214,0.9447751111450147,0.009254073365700229
1,28,0,0,0,77.06418322515214,0.9429195262206616,0.009259658934760868
1,29,0,0,0,77.06418322515214,0.9410152067557546,0.009292673055773215
1,30,0,0,0,77.06418322515214,0.9390613990534092,0.009358135302406818
1,31,0,0,0,77.06418322515214,0.9370573568283229,0.009461106123701683
1,32,0,0,0,77.06418322515214,0.9350023420089575,0.009606522317658708
1,33,0,0,0,77.06418322515214,0.9328956255513848,0.009799022832998347
1,34,0,0,0,77.06418322515214,0.9307364882639846,0.010042783620109715
1,35,0,0,0,77.06418322515214,0.9285242216421452,0.010341381273642952
1,36,0,0,0,77.06418322515214,0.9262581287120785,0.010697701787987924
1,37,0,0,0,77.06418322515214,0.9239375248828258,0.011113903434178866
1,38,0,0,0,77.06418322515214,0.9215617388054933,0.011591433587012841
1,39,0,0,0,77.06418322515214,0.9191301132387222,0.012131090945486584
1,40,0,0,0,77.06418322515214,0.9166420059193625,0.012733119144443847
1,41,0,0,0,77.06418322515214,0.9140967904372883,0.013397316096739444
1,42,0,0,0,77.06418322515214,0.9114938571132606,0.014123145031485368
1,43,0,0,0,77.06418322515214,0.90883261387871,0.014909836799661269
1,44,0,0,0,77.06418322515214,0.9061124871562889,0.01575647719157654
1,45,0,0,0,77.06418322515214,0.9033329227400088,0.016662076713787725
1,46,0,0,0,77.06418322515214,0.9004933866737567,0.01762562299365302
1,47,0,0,0,77.06418322515214,0.8975933661269601,0.018646117640250107
1,48,0,0,0,77.06418322515214,0.894632370266145,0.01972260016688778
1,49,0,0,0,77.06418322515214,0.8916099311211146,0.020854161738414152
1,50,0,0,0,77.06418322515214,0.8885256044444577,0.022039951297596196
1,51,0,0,0,77.06418322515214,0.8853789705630737,0.02327917624161644
1,52,0,0,0,77.06418322515214,0.8821696352203977,0.024571099388776756
1,53,0,0,0,77.06418322515214,0.8788972304079863,0.025915033568659422
1,54,0,0,0,77.06418322515214,0.875561415185123,0.027310334819688004
1,55,0,0,0,77.06418322515214,0.8721618764850901,0.028756394895949274
1,56,0,0,0,77.06418322515214,0.8686983299067516,0.030252633567135177
1,57,0,0,0,77.06418322515214,0.8651705204900887,0.03179849103263183
1,58,0,0,0,77.06418322515214,0.8615782234743307,0.033393420652577145
1,59,0,0,0,77.06418322515214,0.857921245037323,0.03503688211509475
1,60,0,0,0,77.06418322515214,0.8541994230147858,0.03672833510127043
1,61,0,0,0,77.06418322515214,0.8504126275981183,0.0384672334708156
1,62,0,0,0,77.06418322515214,0.8465607620094203,0.04025301996637318
1,63,0,0,0,77.06418322515214,0.8426437631524115,0.04208512141901071
1,64,0,0,0,77.06418322515214,0.8386616022379488,0.04396294442863826
1,65,0,0,0,77.06418322515214,0.8346142853828573,0.045885871488730946
1,66,0,0,0,77.06418322515214,0.8305018541808175,0.04785325752330192
1,67,0,0,0,77.06418322515214,0.8263243862440702,0.04986442680449246
1,68,0,0,0,77.06418322515214,0.8220819957147321,0.05191867022068345
1,69,0,0,0,77.06418322515214,0.8177748337445423,0.05401524286718733
1,70,0,0,0,77.06418322515214,0.813403088941896,0.05615336193402006
1,71,0,0,0,77.06418322515214,0.808966987785052,0.058332204867763054
1,72,0,0,0,77.06418322515214,0.8044667950004458,0.06055090778696922
1,73,0,0,0,77.06418322515214,0.7999028139050717,0.0628085641328688
1,74,0,0,0,77.06418322515214,0.7952753867119513,0.06510422353924288
1,75,0,0,0,77.06418322515214,0.790584894797742,0.0674368909072397
1,76,0,0,0,77.06418322515214,0.785831758931592,0.06980552567260635
1,77,0,0,0,77.06418322515214,0.7810164394643997,0.07220904125430365
1,78,0,0,0,77.06418322515214,0.7761394364776861,0.07464630467477583
1,79,0,0,0,77.06418322515214,0.7712012898913436,0.07711613634327645
1,80,0,0,0,77.06418322515214,0.7662025795295839,0.07961730999462024
1,81,0,0,0,77.06418322515214,0.7611439251444663,0.08214855277655779
1,82,0,0,0,77.06418322515214,0.7560259863964475,0.08470854547966827
1,83,0,0,0,77.06418322515214,0.7508494627914589,0.08729592290425114
1,84,0,0,0,77.06418322515214,0.7456150935740813,0.0899092743591839
1,85,0,0,0,77.06418322515214,0.7403236575764514,0.092547144288113
1,86,0,0,0,77.06418322515214,0.7349759730226071,0.09520803301866557
1,87,0,0,0,77.06418322515214,0.7295728972880425,0.09789039763062846
1,88,0,0,0,77.06418322515214,0.7241153266143153,0.10059265293923662
1,89,0,0,0,77.06418322515214,0.7186041957786236,0.10331317258986347
1,90,0,0,0,77.06418322515214,0.7130404777183362,0.10605029026050893
1,91,0,0,0,77.06418322515214,0.7074251831105394,0.10880230096855008
1,92,0,0,0,77.06418322515214,0.7017593599067293,0.11156746247825394
1,93,0,0,0,77.06418322515214,0.6960440928228626,0.1143439968055615
1,94,0,0,0,77.06418322515214,0.690280502785042,0.11713009181663744
1,95,0,0,0,77.06418322515214,0.684469746331199,0.11992390291664654
1,0,0,0,1,77.06418322515214,0.9883413356798896,0.005743197677595331
1,1,0,0,1,77.06418322515214,0.9878320386840902,0.005801962891610738
1,2,0,0,1,77.06418322515214,0.9873035696185856,0.005856036578714012
1,3,0,0,1,77.06418322515214,0.9867553544267498,0.00590514052197753
1,4,0,0,1,77.06418322515214,0.9861868084354032,0.005949002205503545
1,5,0,0,1,77.06418322515214,0.9855973364406765,0.005987357742257
1,6,0,0,1,77.06418322515214,0.9849863328086098,0.0060199553223854495
1,7,0,0,1,77.06418322515214,0.9843531815908926,0.006046559276613374
1,8,0,0,1,77.06418322515214,0.9836972566561423,0.006066954867943878
1,9,0,0,1,77.06418322515214,0.9830179218371048,0.006080953947109742
1,10,0,0,1,77.06418322515214,0.9823145310941522,0.006088401633452772
1,11,0,0,1,77.06418322515214,0.9815864286954366,0.006089184213535869
1,12,0,0,1,77.06418322515214,0.9808329494140443,0.006083238484913696
1,13,0,0,1,77.06418322515214,0.9800534187424823,0.006070562811710887
1,14,0,0,1,77.06418322515214,0.9792471531248069,0.006051230200674616
1,15,0,0,1,77.06418322515214,0.9784134602066918,0.006025403748315586
1,16,0,0,1,77.06418322515214,0.9775516391037076,0.005993354846203221
1,17,0,0,1,77.06418322515214,0.9766609806880711,0.005955484552967317
1,18,0,0,1,77.06418322515214,0.9757407678940943,0.005912348532447676
1,19,0,0,1,77.06418322515214,0.9747902760425456,0.005864685893098567
1,20,0,0,1,77.06418322515214,0.9738087731841079,0.005813452107156466
1,21,0,0,1,77.06418322515214,0.9727955204620949,0.00575985588641042
1,22,0,0,1,77.06418322515214,0.9717497724945617,0.005705399374538349
1,23,0,0,1,77.06418322515214,0.970670777775914,0.005651920200307504
1,24,0,0,1,77.06418322515214,0.9695577790980985,0.005601632740332819
1,25,0,0,1,77.06418322515214,0.9684100139914192,0.005557164323443954
1,26,0,0,1,77.06418322515214,0.9672267151850023,0.005521580139959032
1,27,0,0,1,77.06418322515214,0.9660071110868933,0.005498388582390798
1,28,0,0,1,77.06418322515214,0.9647504262837423,0.005491517255062921
1,29,0,0,1,77.06418322515214,0.9634558820599971,0.005505249947124358
1,30,0,0,1,77.06418322515214,0.9621226969364907,0.005544117690905692
1,31,0,0,1,77.06418322515214,0.9607500872282747,0.005612743559715406
1,32,0,0,1,77.06418322515214,0.9593372676215126,0.00571565087522812
1,33,0,0,1,77.06418322515214,0.9578834517692109,0.005857055812718919
1,34,0,0,1,77.06418322515214,0.9563878529055302,0.00604067393511607
1,35,0,0,1,77.06418322515214,0.9548496844783771,0.006269571566277836
1,36,0,0,1,77.06418322515214,0.9532681607999426,0.006546085066285647
1,37,0,0,1,77.06418322515214,0.9516424977148102,0.006871816114314781
1,38,0,0,1,77.06418322515214,0.949971913285221,0.0072476946230674456
1,39,0,0,1,77.06418322515214,0.9482556284930409,0.007674088871151064
1,40,0,0,1,77.06418322515214,0.946492867957934,0.008150938045401526
1,41,0,0,1,77.06418322515214,0.9446828606712114,0.008677885067771894
1,42,0,0,1,77.06418322515214,0.9428248407447768,0.009254394341689553
1,43,0,0,1,77.06418322515214,0.9409180481745555,0.00987984658446852
1,44,0,0,1,77.06418322515214,0.9389617296177525,0.010553609020129733
1,45,0,0,1,77.06418322515214,0.9369551391832427,0.011275083095051248
1,46,0,0,1,77.06418322515214,0.9348975392343594,0.012043733731425109
1,47,0,0,1,77.06418322515214,0.9327882012033055,0.012859104551509142
1,48,0,0,1,77.06418322515214,0.9306264064163766,0.013720823111912077
1,49,0,0,1,77.06418322515214,0.9284114469291405,0.014628599450234892
1,50,0,0,1,77.06418322515214,0.9261426263706879,0.015582220453085601
1,51,0,0,1,77.06418322515214,0.923819260796025,0.01658154184811967
1,52,0,0,1,77.06418322515214,0.9214406795456475,0.017626479054926095
1,53,0,0,1,77.06418322515214,0.9190062261112965,0.01871699770237279
1,54,0,0,1,77.06418322515214,0.9165152590068673,0.01985310431376109
1,55,0,0,1,77.06418322515214,0.9139671526434043,0.021034837449970267
1,56,0,0,1,77.06418322515214,0.9113612982070874,0.022262259460198216
1,57,0,0,1,77.06418322515214,0.9086971045390815,0.02353544889963521
1,58,0,0,1,77.06418322515214,0.9059739990160958,0.02485449361785566
1,59,0,0,1,77.06418322515214,0.9031914284304695,0.026219484489469386
1,60,0,0,1,77.06418322515214,0.9003488598685735,0.027630509741571187
1,61,0,0,1,77.06418322515214,0.8974457815862986,0.02908764982520685
1,62,0,0,1,77.06418322515214,0.8944817038803743,0.030590972776691015
1,63,0,0,1,77.06418322515214,0.8914561599542423,0.032140530016692176
1,64,0,0,1,77.06418322515214,0.8883687067771937,0.03373635253894582
1,65,0,0,1,77.06418322515214,0.8852189259354588,0.03537844744525511
1,66,0,0,1,77.06418322515214,0.8820064244739281,0.03706679478847186
1,67,0,0,1,77.06418322515214,0.8787308357271671,0.03880134469005605
1,68,0,0,1,77.06418322515214,0.8753918201383835,0.040582014703390165
1,69,0,0,1,77.06418322515214,0.8719890660649906,0.04240868739817904
1,70,0,0,1,77.06418322515214,0.8685222905694172,0.0442812081449677
1,71,0,0,1,77.06418322515214,0.8649912401937978,0.046199383082060876
1,72,0,0,1,77.06418322515214,0.8613956917171919,0.04816297724995647
1,73,0,0,1,77.06418322515214,0.8577354528939718,0.05017171288084853
1,74,0,0,1,77.06418322515214,0.8540103631720337,0.05222526783285055
1,75,0,0,1,77.06418322515214,0.8502202943894865,0.054323274160380686
1,76,0,0,1,77.06418322515214,0.8463651514484919,0.05646531681367222
1,77,0,0,1,77.06418322515214,0.8424448729649358,0.05865093246166182
1,78,0,0,1,77.06418322515214,0.8384594318926321,0.060879608433594246
1,79,0,0,1,77.06418322515214,0.8344088361207784,0.0631507817755954
1,80,0,0,1,77.06418322515214,0.8302931290434028,0.06546383841922608
1,81,0,0,1,77.06418322515214,0.8261123900995677,0.06781811245966146
1,82,0,0,1,77.06418322515214,0.821866735283124,0.07021288554166097
1,83,0,0,1,77.06418322515214,0.8175563176208394,0.07264738635191598
1,84,0,0,1,77.06418322515214,0.8131813276177535,0.07512079021670368
1,85,0,0,1,77.06418322515214,0.8087419936686566,0.07763221880404252
1,86,0,0,1,77.06418322515214,0.8042385824346157,0.0801807399297501
1,87,0,0,1,77.06418322515214,0.7996713991835244,0.08276536746695638
1,88,0,0,1,77.06418322515214,0.7950407880936863,0.08538506135872767
1,89,0,0,1,77.06418322515214,0.7903471325194935,0.08803872773352169
1,90,0,0,1,77.06418322515214,0.7855908552183097,0.09072521912322043
1,91,0,0,1,77.06418322515214,0.7807724185377135,0.09344333478348381
1,92,0,0,1,77.06418322515214,0.775892324562319,0.09619182111613614
1,93,0,0,1,77.06418322515214,0.7709511152194356,0.09896937219324341
1,94,0,0,1,77.06418322515214,0.765949372342895,0.10177463038246212
1,95,0,0,1,77.06418322515214,0.7608877176944293,0.10460618707314866
