GDLIN,OBRAT,BLACK,HISPAN,LOANPRC,fit,se.fit,residual.scale,UL,LL,PredictedProb
0,0,1,0,75.44244799788136,-0.6443742164165981,0.4824341010093335,1,0.5747350148078801,0.1693916275360517,0.34425841225928266
0,1,1,0,75.44244799788136,-0.675592990659364,0.47331384497910217,1,0.5626938427309549,0.16752255537095187,0.3372456101005487
0,2,1,0,75.44244799788136,-0.7068117649021296,0.46428679544391976,1,0.550623536644823,0.1656447433674554,0.330303705942645
0,3,1,0,75.44244799788136,-0.7380305391448955,0.4553584956281497,1,0.5385414200962427,0.16375733255179553,0.3234349606627389
0,4,1,0,75.44244799788136,-0.7692493133876613,0.446534868963605,1,0.5264650011664201,0.16185942077353027,0.3166415172200841
0,5,1,0,75.44244799788136,-0.800468087630427,0.43782224406992043,1,0.5144118845182948,0.1599500620062109,0.30992539929435003
0,6,1,0,75.44244799788136,-0.8316868618731929,0.4292273804721256,1,0.5023996825381021,0.15802826603304393,0.303288510289
0,7,1,0,75.44244799788136,-0.8629056361159585,0.4207574948042751,1,0.4904459264784378,0.1560929986237408,0.2967326326922064
0,8,1,0,75.44244799788136,-0.8941244103587244,0.41242028716279355,1,0.4785679784804592,0.1541431823278209,0.2902594277862275
0,9,1,0,75.44244799788136,-0.9253431846014902,0.4042239671708958,1,0.4667829453018559,0.15217769803072198,0.2838704356947432
0,10,1,0,75.44244799788136,-0.9565619588442561,0.39617727919427514,1,0.45510759450599586,0.1501953874418925,0.27756707575633527
0,11,1,0,75.44244799788136,-0.9877807330870217,0.3882895260068763,1,0.4435582737781093,0.14819505670810845,0.2713506472111322
0,12,1,0,75.44244799788136,-1.0189995073297875,0.3805705900433919,1,0.4321508339292955,0.14617548136971256,0.26522233018659913
0,13,1,0,75.44244799788136,-1.0502182815725534,0.3730309511927543,1,0.42090055603205345,0.14413541290107476,0.2591831869675609
0,14,1,0,75.44244799788136,-1.0814370558153192,0.3656816998867068,1,0.4098220830063676,0.1420735870975059,0.25323416353478345
0,15,1,0,75.44244799788136,-1.112655830058085,0.3585345440243614,1,0.398929355848376,0.13998873458669156,0.24737609135581906
0,16,1,0,75.44244799788136,-1.1438746043008505,0.35160180805557134,1,0.3882355545703816,0.13787959375025916,0.24160968941132951
0,17,1,0,75.44244799788136,-1.1750933785436164,0.34489642233517254,1,0.3777530438083431,0.135744926336362,0.2359355664397435
0,18,1,0,75.44244799788136,-1.2063121527863823,0.33843190067386,1,0.3674933229585608,0.13358353602238743,0.23035422338287262
0,19,1,0,75.44244799788136,-1.2375309270291481,0.3322223038724311,1,0.3574669806371008,0.1313942901426098,0.22486605601499077
0,20,1,0,75.44244799788136,-1.268749701271914,0.3262821869629957,1,0.34768365322176076,0.12917614472300384,0.2194713577378874
0,21,1,0,75.44244799788136,-1.2999684755146796,0.3206265279275398,1,0.3381519872447457,0.12692817285880373,0.21417032252450546
0,22,1,0,75.44244799788136,-1.3311872497574453,0.31527063585885773,1,0.32887960546112754,0.12464959632497913,0.2089630479939811
0,23,1,0,75.44244799788136,-1.3624060240002112,0.31023003691018103,1,0.31987307652762714,0.12233982012282238,0.2038495386011975
0,24,1,0,75.44244799788136,-1.393624798242977,0.3055203369829918,1,0.3111378883885754,0.11999846943786563,0.1988297089243412
0,25,1,0,75.44244799788136,-1.424843572485743,0.301157060952544,1,0.30267842567616127,0.11762542822076823,0.19390338703440302
0,26,1,0,75.44244799788136,-1.4560623467285085,0.2971554693345094,1,0.29449795167871806,0.11522087831527009,0.1890703179310834
0,27,1,0,75.44244799788136,-1.4872811209712744,0.293530354634262,1,0.286598595694682,0.11278533776473068,0.18433016703013777
0,28,1,0,75.44244799788136,-1.51849989521404,0.29029582113851304,1,0.2789813468440461,0.11031969665756648,0.1796825236878244
0,29,1,0,75.44244799788136,-1.549718669456806,0.2874650535138424,1,0.2716460556200553,0.10782524865488474,0.17512690474878218
0,30,1,0,75.44244799788136,-1.5809374436995718,0.28505008113560293,1,0.2645914445940991,0.10530371621727763,0.17066275810437007
0,31,1,0,75.44244799788136,-1.6121562179423377,0.2830615464198134,1,0.257815129699441,0.10275726754779554,0.1662894662492248
0,32,1,0,75.44244799788136,-1.6433749921851033,0.28150848639109144,1,0.25131365338439976,0.1001885234235712,0.16200634982454235
0,33,1,0,75.44244799788136,-1.674593766427869,0.2803981371216565,1,0.2450825306258126,0.09760055241521981,0.1578126711373479
0,34,1,0,75.44244799788136,-1.7058125406706348,0.27973577038850805,1,0.23911630833103847,0.09499685348778816,0.1537076376457859
0,35,1,0,75.44244799788136,-1.7370313149134007,0.27952457085357224,1,0.23340863805595605,0.09238132561389996,0.1496904054012292
0,36,1,0,75.44244799788136,-1.7682500891561665,0.27976556029890487,1,0.22795236127444476,0.08975822476062623,0.14576008243876898
0,37,1,0,75.44244799788136,-1.7994688633989324,0.2804575730664291,1,0.22273960571685453,0.08713210937028809,0.14191573210840264
0,38,1,0,75.44244799788136,-1.8306876376416978,0.2815972840666747,1,0.2177618906256136,0.08450777616625882,0.13815637633997552
0,39,1,0,75.44244799788136,-1.8619064118844637,0.2831792878012239,1,0.21301023822835183,0.08189018870406826,0.1344809988356573
0,40,1,0,75.44244799788136,-1.8931251861272296,0.28519622407730805,1,0.20847528836239604,0.07928440149531354,0.13088854818443674
0,41,1,0,75.44244799788136,-1.9243439603699954,0.2876389437450441,1,0.20414741303622974,0.07669548271942847,0.1273779408937966
0,42,1,0,75.44244799788136,-1.9555627346127613,0.29049670606056793,1,0.20001682779265492,0.07412843849660065,0.12394806433438633
0,43,1,0,75.44244799788136,-1.9867815088555272,0.2937573982860349,1,0.1960736970263376,0.07158814144227647,0.1205977795941343
0,44,1,0,75.44244799788136,-2.0180002830982926,0.2974077678978563,1,0.192308230863647,0.0690792658009853,0.11732592423883867
0,45,1,0,75.44244799788136,-2.0492190573410585,0.3014336582179484,1,0.1887107717791155,0.06660623092054835,0.11413131497684113
0,46,1,0,75.44244799788136,-2.0804378315838243,0.3058202392742991,1,0.1852718697393515,0.064173154238114,0.11101275022592287
0,47,1,0,75.44244799788136,-2.11165660582659,0.3105522270655759,1,0.18198234527456691,0.06178381436409835,0.10796901258106215
0,48,1,0,75.44244799788136,-2.142875380069356,0.3156140859712273,1,0.1788333404332612,0.05944162431582087,0.10499887118216447
0,49,1,0,75.44244799788136,-2.1740941543121215,0.3209902106513255,1,0.17581635804437448,0.05714961450213471,0.10210108398131175
0,50,1,0,75.44244799788136,-2.2053129285548874,0.3266650852891631,1,0.1729232900756657,0.05491042471150603,0.09927439990948214
0,51,1,0,75.44244799788136,-2.2365317027976532,0.332623419353531,1,0.17014643613289668,0.052726304113233945,0.0965175609430656
0,52,1,0,75.44244799788136,-2.267750477040419,0.3388502601450359,1,0.1674785132978403,0.05059911813875681,0.09382930407084038
0,53,1,0,75.44244799788136,-2.298969251283185,0.3453310832241239,1,0.1649126585675249,0.04853036105411977,0.09120836316238873
0,54,1,0,75.44244799788136,-2.330188025525951,0.35205186240609493,1,0.16244242514956145,0.04652117304877854,0.08865347073921034
0,55,1,0,75.44244799788136,-2.3614067997687167,0.3589991213762479,1,0.16006177380700018,0.044572360732068265,0.08616335965004607
0,56,1,0,75.44244799788136,-2.3926255740114826,0.3661599691619781,1,0.15776506034807486,0.04268442002992515,0.08373676465214992
0,57,1,0,75.44244799788136,-2.4238443482542484,0.37352212173705107,1,0.15554702023632352,0.04085756059609007,0.0813724239004471
0,58,1,0,75.44244799788136,-2.4550631224970134,0.3810739119641501,1,0.15340275116704952,0.03909173098211539,0.07906908034669086
0,59,1,0,75.44244799788136,-2.4862818967397793,0.3888042899388304,1,0.15132769432607723,0.037386643940032195,0.07682548305088124
0,60,1,0,75.44244799788136,-2.517500670982545,0.3967028156094688,1,0.14931761492275536,0.03574180135419158,0.07464038840733976
0,61,1,0,75.44244799788136,-2.548719445225311,0.4047596453360772,1,0.1473685824753217,0.03415651841055774,0.07251256128793881
0,62,1,0,75.44244799788136,-2.579938219468077,0.4129655138327639,1,0.14547695122537613,0.03262994671043595,0.0704407761050763
0,63,1,0,75.44244799788136,-2.6111569937108428,0.4213117127260947,1,0.14363934097021777,0.031161096120478744,0.06842381779705392
0,64,1,0,75.44244799788136,-2.6423757679536086,0.42979006676247955,1,0.1418526185270902,0.029748855222033764,0.06646048273857151
0,65,1,0,75.44244799788136,-2.6735945421963745,0.43839290851662144,1,0.1401138799812023,0.028392010281321413,0.06454957957908783
0,66,1,0,75.44244799788136,-2.7048133164391404,0.44711305229225173,1,0.13842043381861274,0.027089262708778754,0.06268993001182012
0,67,1,0,75.44244799788136,-2.7360320906819062,0.4559437677663657,1,0.13676978500435227,0.025839245012582595,0.06088036947616627
0,68,1,0,75.44244799788136,-2.767250864924672,0.46487875380829163,1,0.13515962003413415,0.024640535279309633,0.059119747796330176
0,69,1,0,75.44244799788136,-2.798469639167438,0.47391211280381473,1,0.13358779296332718,0.023491670235294547,0.057406929758918805
0,70,1,0,75.44244799788136,-2.829688413410203,0.4830383257304393,1,0.1320523123983069,0.022391156956791232,0.055740795632256444
0,71,1,0,75.44244799788136,-2.860907187652969,0.49225222816074793,1,0.13055132942173686,0.02133748330667186,0.05412024163013016
0,72,1,0,75.44244799788136,-2.8921259618957347,0.5015489873147396,1,0.12908312641381395,0.020329127181111333,0.052544180322642055
0,73,1,0,75.44244799788136,-2.9233447361385005,0.510924080237099,1,0.12764610672518661,0.019364564652349998,0.0510115409967962
0,74,1,0,75.44244799788136,-2.9545635103812664,0.5203732731398445,1,0.12623878515345263,0.018442277093920725,0.049521269969398006
0,75,1,0,75.44244799788136,-2.9857822846240323,0.5298926019231535,1,0.1248597791732657,0.01756075737325404,0.048072330854784906
0,76,1,0,75.44244799788136,-3.017001058866798,0.5394783538659995,1,0.1235078008696692,0.016718515193817618,0.04666370478984647
0,77,1,0,75.44244799788136,-3.048219833109564,0.5491270504623794,1,0.12218164952494483,0.015914081665289553,0.04529439061872606
0,78,1,0,75.44244799788136,-3.07943860735233,0.5588354313673405,1,0.12088020481071113,0.015146013176012087,0.04396340503952779
0,79,1,0,75.44244799788136,-3.1106573815950957,0.5686004394089008,1,0.11960242053899502,0.014412894637364504,0.042669782715281344
0,80,1,0,75.44244799788136,-3.1418761558378616,0.5784192066165624,1,0.11834731892833726,0.013713342164913158,0.04141257635134447
0,81,1,0,75.44244799788136,-3.1730949300806266,0.5882890412138722,1,0.11711398534354056,0.013046005256383391,0.04019085674134795
0,82,1,0,75.44244799788136,-3.2043137043233925,0.5982074155209085,1,0.11590156347031576,0.012409568521754528,0.03900371278371301
0,83,1,0,75.44244799788136,-3.2355324785661583,0.6081719547122654,1,0.11470925088875158,0.011802753016180697,0.037850251470694964
0,84,1,0,75.44244799788136,-3.266751252808924,0.618180426376746,1,0.11353629501215258,0.011224317222038422,0.03672959785183029
0,85,1,0,75.44244799788136,-3.29797002705169,0.6282307308263405,1,0.11238198936034265,0.010673057722230385,0.035640894973588896
0,86,1,0,75.44244799788136,-3.329188801294456,0.6383208921039052,1,0.11124567013895721,0.010147809602955127,0.03458330379695748
0,87,1,0,75.44244799788136,-3.360407575537222,0.6484490496411552,1,0.11012671309855926,0.009647446620492934,0.033556003094605
0,88,1,0,75.44244799788136,-3.3916263497799877,0.6586134505209974,1,0.10902453064957449,0.009170881163163233,0.03255818932920761
0,89,1,0,75.44244799788136,-3.4228451240227535,0.6688124423007518,1,0.10793856921106738,0.00871706403647243,0.031589076514437535
0,90,1,0,75.44244799788136,-3.4540638982655194,0.6790444663553948,1,0.10686830677325616,0.008284984096587768,0.030647896060049105
0,91,1,0,75.44244799788136,-3.4852826725082853,0.6893080517025275,1,0.10581325065540331,0.007873667754630437,0.0297338966024254
0,92,1,0,75.44244799788136,-3.5165014467510503,0.6996018092732826,1,0.10477293544231836,0.007482178371868,0.02884634382188067
0,93,1,0,75.44244799788136,-3.547720220993816,0.7099244265958395,1,0.10374692108418186,0.0071096155636885235,0.027984520247947346
0,94,1,0,75.44244799788136,-3.578938995236582,0.720274662860549,1,0.10273479114574903,0.006755114428242708,0.027147725053812098
0,95,1,0,75.44244799788136,-3.610157769479348,0.7306513443379055,1,0.10173615119222337,0.006417844713831129,0.0263352738410022
1,0,1,0,75.44244799788136,3.09237150524634,0.4511110222052479,1,0.9815948676811979,0.9009829165667835,0.9565769780858354
1,1,1,0,75.44244799788136,3.061152731003574,0.4415153610922756,1,0.9806689596561392,0.8998701492603624,0.9552615869470175
1,2,1,0,75.44244799788136,3.029933956760808,0.43199927355064655,1,0.9797005372970884,0.8987320880591279,0.9539082693079746
1,3,1,0,75.44244799788136,2.9987151825180423,0.4225681355220657,1,0.9786881277182974,0.8975672568650588,0.9525160492975863
1,4,1,0,75.44244799788136,2.9674964082752764,0.4132277634808294,1,0.977630269537866,0.8963740481942923,0.9510839331405925
1,5,1,0,75.44244799788136,2.9362776340325105,0.40398445317438453,1,0.9765255234786473,0.8951507096618511,0.9496109092892238
1,6,1,0,75.44244799788136,2.9050588597897455,0.3948450212986223,1,0.9753724845536809,0.8938953290509398,0.9480959485918862
1,7,1,0,75.44244799788136,2.8738400855469797,0.38581685010439515,1,0.9741697959906958,0.8926058178482074,0.9465380045011919
1,8,1,0,75.44244799788136,2.842621311304214,0.3769079348423299,1,0.9729161650507248,0.891279893129478,0.9449360133237014
1,9,1,0,75.44244799788136,2.811402537061448,0.36812693383153516,1,0.9716103808907334,0.8899150576893505,0.9432888945138094
1,10,1,0,75.44244799788136,2.780183762818682,0.35948322077639416,1,0.9702513346072663,0.8885085783249489,0.9415955510142666
1,11,1,0,75.44244799788136,2.748964988575916,0.3509869387452998,1,0.9688380415747014,0.8870574622116434,0.939854869645893
1,12,1,0,75.44244799788136,2.7177462143331503,0.3426490549560713,1,0.9673696661544918,0.8855584313500585,0.9380657215490885
1,13,1,0,75.44244799788136,2.6865274400903845,0.33448141517466334,1,0.9658455487968083,0.8840078951230592,0.936226962679801
1,14,1,0,75.44244799788136,2.6553086658476186,0.32649679611700183,1,0.9642652354787389,0.8824019210831439,0.9343374343626456
1,15,1,0,75.44244799788136,2.6240898916048527,0.31870895374079694,1,0.962628509318694,0.880736204199722,0.932395963903915
1,16,1,0,75.44244799788136,2.592871117362087,0.31113266472182677,1,0.9609354240697822,0.8790060349371435,0.9304013652672346
1,17,1,0,75.44244799788136,2.561652343119322,0.30378375773191146,1,0.9591863390210488,0.8772062667126709,0.9283524398146441
1,18,1,0,75.44244799788136,2.530433568876556,0.2966791303900588,1,0.9573819546212287,0.8753312835021091,0.9262479771158866
1,19,1,0,75.44244799788136,2.49921479463379,0.2898367469779275,1,0.955523347884397,0.8733749686201326,0.9240867558286849
1,20,1,0,75.44244799788136,2.4679960203910243,0.2832756112533475,1,0.9536120063442389,0.8713306759987064,0.9218675446527673
1,21,1,0,75.44244799788136,2.4367772461482584,0.27701570804853815,1,0.9516498590038723,0.8691912056100526,0.9195891033603697
1,22,1,0,75.44244799788136,2.4055584719054925,0.27107790692487843,1,0.9496393024004364,0.8669487850109856,0.9172501839059
1,23,1,0,75.44244799788136,2.3743396976627267,0.2654838211311152,1,0.9475832195985612,0.8645950592924684,0.9148495316173834
1,24,1,0,75.44244799788136,2.343120923419961,0.26025561566361577,1,0.9454849896876762,0.8621210919584408,0.9123858864722296
1,25,1,0,75.44244799788136,2.311902149177195,0.25541575955485263,1,0.9433484852406628,0.8595173793753799,0.9098579844597602
1,26,1,0,75.44244799788136,2.280683374934429,0.25098671980003573,1,0.9411780552604159,0.8567738813636998,0.9072645590328159
1,27,1,0,75.44244799788136,2.249464600691663,0.24699059768632053,1,0.9389784914626133,0.8538800701776093,0.9046043426506243
1,28,1,0,75.44244799788136,2.2182458264488982,0.2434487127042878,1,0.9367549763722229,0.8508249994863714,0.9018760684149371
1,29,1,0,75.44244799788136,2.1870270522061324,0.24038114450132878,1,0.9345130126746735,0.8475973940001891,0.8990784718012653
1,30,1,0,75.44244799788136,2.1558082779633665,0.23780624905293668,1,0.9322583345399093,0.8441857590981884,0.8962102924868166
1,31,1,0,75.44244799788136,2.1245895037206006,0.23574017071333184,1,0.9299968031462709,0.8405785082964509,0.8932702762765071
1,32,1,0,75.44244799788136,2.0933707294778348,0.23419637620966538,1,0.927734290220904,0.8367641047909342,0.8902571771281415
1,33,1,0,75.44244799788136,2.062151955235069,0.2331852390568327,1,0.9254765548766599,0.8327312118307251,0.887169759277562
1,34,1,0,75.44244799788136,2.030933180992303,0.23271370252030746,1,0.9232291201275662,0.8284688455558994,0.8840067994642352
1,35,1,0,75.44244799788136,1.999714406749537,0.23278504571791742,1,0.9209971559907619,0.8239665233862857,0.8807670892573877
1,36,1,0,75.44244799788136,1.968495632506771,0.23339877082268548,1,0.9187853758893909,0.8192144012154777,0.8774494374824074
1,37,1,0,75.44244799788136,1.9372768582640052,0.23455062028409315,1,0.9165979521307788,0.8142033935760041,0.8740526727468086
1,38,1,0,75.44244799788136,1.9060580840212393,0.23623272269571385,1,0.914438454652909,0.8089252724910412,0.8705756460645939
1,39,1,0,75.44244799788136,1.8748393097784743,0.23843385584113688,1,0.9123098152323866,0.8033727426928958,0.8670172335773704
1,40,1,0,75.44244799788136,1.8436205355357076,0.2411398069435631,1,0.9102143172208597,0.7975394929767716,0.863376339370045
1,41,1,0,75.44244799788136,1.8124017612929426,0.24433380428575688,1,0.9081536089213518,0.7914202253732372,0.8596518983783789
1,42,1,0,75.44244799788136,1.7811829870501767,0.24799699168172787,1,0.9061287371713981,0.7850106653245018,0.8558428793850887
1,43,1,0,75.44244799788136,1.7499642128074109,0.2521089177163083,1,0.9041401967084153,0.778307556996461,0.8519482881005842
1,44,1,0,75.44244799788136,1.718745438564645,0.25664801468831666,1,0.902187990486189,0.7713086482193204,0.8479671703237662
1,45,1,0,75.44244799788136,1.6875266643218791,0.2615920469687206,1,0.9002716962265177,0.7640126693884867,0.8438986151776643
1,46,1,0,75.44244799788136,1.6563078900791133,0.2669185141079222,1,0.8983905350011222,0.7564193101010144,0.8397417584139807
1,47,1,0,75.44244799788136,1.6250891158363474,0.2726049996833177,1,0.8965434383952505,0.7485291965029639,0.8354957857799031
1,48,1,0,75.44244799788136,1.5938703415935815,0.27862946196259836,1,0.8947291116622804,0.7403438714244103,0.8311599364398102
1,49,1,0,75.44244799788136,1.5626515673508161,0.28497046660532604,1,0.8929460911223558,0.7318657784985565,0.8267335064437457
1,50,1,0,75.44244799788136,1.5314327931080502,0.2916073646933702,1,0.8911927948087252,0.7230982506797009,0.8222158522337769
1,51,1,0,75.44244799788136,1.5002140188652844,0.29852042139865753,1,0.8894675659801647,0.7140455029359649,0.8176063941785877
1,52,1,0,75.44244799788136,1.468995244622519,0.3056909017015664,1,0.8877687095833399,0.7047126284113633,0.8129046201258884
1,53,1,0,75.44244799788136,1.437776470379753,0.3131011199543467,1,0.8860945220725941,0.6951055970219959,0.8081100889614585
1,54,1,0,75.44244799788136,1.4065576961369872,0.3207344599394965,1,0.8844433151959189,0.6852312552546052,0.8032224341628931
1,55,1,0,75.44244799788136,1.3753389218942214,0.3285753715833851,1,0.8828134344594065,0.675097325848953,0.7982413673353737
1,56,1,0,75.44244799788136,1.3441201476514555,0.336609349798997,1,0.8812032730132824,0.6647124060443511,0.7931666817160884
1,57,1,0,75.44244799788136,1.3129013734086896,0.34482290016110045,1,0.8796112816830216,0.6540859631334858,0.7879982556332261
1,58,1,0,75.44244799788136,1.2816825991659238,0.3532034953414049,1,0.8780359758175752,0.6432283261752196,0.7827360559048417
1,59,1,0,75.44244799788136,1.2504638249231579,0.3617395255010492,1,0.8764759395575742,0.6321506728580446,0.7773801411622784
1,60,1,0,75.44244799788136,1.2192450506803925,0.3704202451817765,1,0.874929828049915,0.6208650106664614,0.7719306650822999
1,61,1,0,75.44244799788136,1.1880262764376266,0.3792357186682122,1,0.8733963680583643,0.6093841516758274,0.7663878795115989
1,62,1,0,75.44244799788136,1.1568075021948607,0.38817676531385575,1,0.8718743573472224,0.5977216804813216,0.7607521374669399
1,63,1,0,75.44244799788136,1.1255887279520953,0.39723490592812455,1,0.8703626631491556,0.5858919149492965,0.7550238959938662
1,64,1,0,75.44244799788136,1.0943699537093294,0.4064023110027653,1,0.8688602199702008,0.5739098596610351,0.7492037188666556
1,65,1,0,75.44244799788136,1.0631511794665636,0.4156717513032557,1,0.8673660269349062,0.5617911520969641,0.7432922791120639
1,66,1,0,75.44244799788136,1.0319324052237977,0.4250365511542599,1,0.8658791448322578,0.5495520017810918,0.7372903613393497
1,67,1,0,75.44244799788136,1.0007136309810318,0.43449054459811287,1,0.8643986929878242,0.5372091227683826,0.731198863859143
1,68,1,0,75.44244799788136,0.969494856738266,0.4440280344929658,1,0.8629238460586055,0.5247796600094605,0.7250188005739004
1,69,1,0,75.44244799788136,0.9382760824955001,0.45364375453506794,1,0.8614538308235659,0.5122811102650704,0.7187513026229997
1,70,1,0,75.44244799788136,0.9070573082527347,0.46333283413128024,1,0.8599879230239396,0.4997312383647409,0.7123976197659572
1,71,1,0,75.44244799788136,0.8758385340099688,0.4730907660080046,1,0.8585254442923611,0.4871479897079507,0.705959121487822
1,72,1,0,75.44244799788136,0.8446197597672029,0.4829133764169528,1,0.8570657591980405,0.474549399989857,0.6994372978115027
1,73,1,0,75.44244799788136,0.8134009855244371,0.4927967977830897,1,0.8556082724259615,0.4619535031957794,0.6928337598026173
1,74,1,0,75.44244799788136,0.7821822112816712,0.5027374436329346,1,0.854152426100962,0.449378238948032,0.6861502397534441
1,75,1,0,75.44244799788136,0.7509634370389053,0.512731985640016,1,0.8526976972621346,0.4368413603047939,0.679388591033655
1,76,1,0,75.44244799788136,0.7197446627961399,0.5227773326269931,1,0.8512435954889068,0.42436034310351795,0.6725507875967729
1,77,1,0,75.44244799788136,0.688525888553374,0.5328706113694945,1,0.8497896606771567,0.4119522979115024,0.6656389231326683
1,78,1,0,75.44244799788136,0.6573071143106082,0.5430091490541102,1,0.8483354609615682,0.3996338855949027,0.6586552098579238
1,79,1,0,75.44244799788136,0.6260883400678423,0.553190457251482,1,0.8468805907789038,0.387421237446404,0.6516019769375173
1,80,1,0,75.44244799788136,0.5948695658250764,0.5634122172745308,1,0.8454246690658868,0.3753298807233018,0.6444816685330139
1,81,1,0,75.44244799788136,0.563650791582311,0.573672266801148,1,0.8439673375847607,0.36337467034453286,0.6372968414742963
1,82,1,0,75.44244799788136,0.5324320173395451,0.5839685876498809,1,0.8425082593692722,0.35156972738030245,0.6300501625537859
1,83,1,0,75.44244799788136,0.5012132430967793,0.5942992946060853,1,0.841047117283727,0.3399283848445972,0.6227444054441148
1,84,1,0,75.44244799788136,0.4699944688540134,0.604662625204543,1,0.8395836126878176,0.32846314117239744,0.6153824472422711
1,85,1,0,75.44244799788136,0.43877569461124755,0.6150569303826057,1,0.8381174642001025,0.3171856216331332,0.607967264645348
1,86,1,0,75.44244799788136,0.4075569203684817,0.6254806659254639,1,0.836648406553268,0.30610654780303553,0.6005019297651689
1,87,1,0,75.44244799788136,0.37633814612571626,0.6359323846321361,1,0.8351761895346099,0.2952357150945036,0.5929896055912126
1,88,1,0,75.44244799788136,0.3451193718829504,0.6464107291372361,1,0.8337005770055176,0.28458197822305775,0.5854335411133986
1,89,1,0,75.44244799788136,0.3139005976401845,0.6569144253295219,1,0.8322213459940965,0.27415324438417515,0.577837066118417
1,90,1,0,75.44244799788136,0.28268182339741865,0.6674422763136628,1,0.830738285855435,0.26395647381512227,0.5702035856753509
1,91,1,0,75.44244799788136,0.2514630491546528,0.6779931568666281,1,0.8292511974943787,0.2539976873322293,0.5625365743283495
1,92,1,0,75.44244799788136,0.22024427491188736,0.6885660083446274,1,0.8277598926460332,0.2442819803628037,0.5548395700160255
1,93,1,0,75.44244799788136,0.1890255006691215,0.6991598340006352,1,0.8262641932095536,0.2348135429335657,0.5471161677390728
1,94,1,0,75.44244799788136,0.15780672642635563,0.7097736946762698,1,0.8247639306311099,0.22559568503416477,0.5393700129992905
1,95,1,0,75.44244799788136,0.12658795218358976,0.7204067048351749,1,0.8232589453322198,0.21663086674470514,0.5316047950347595
0,0,0,1,75.44244799788136,-0.553865978976646,0.5339103644577312,1,0.6207183424461222,0.16793545688235229,0.3649679383132641
0,1,0,1,75.44244799788136,-0.5850847532194119,0.5257579421302718,1,0.6095451813355798,0.16581668356673898,0.3577634331657661
0,2,0,1,75.44244799788136,-0.6163035274621775,0.5177214006521209,1,0.5983104927812352,0.1636882874230446,0.35062262252094906
0,3,0,1,75.44244799788136,-0.6475223017049434,0.5098062202600065,1,0.587029252177997,0.16154969706382255,0.3435480979828493
0,4,0,1,75.44244799788136,-0.6787410759477093,0.5020181413862049,1,0.5757167425595626,0.15940033808132792,0.33654233929463717
0,5,0,1,75.44244799788136,-0.7099598501904749,0.49436317104775274,1,0.5643884783623311,0.15723963610741157,0.32960771189204474
0,6,0,1,75.44244799788136,-0.7411786244332408,0.48684758809958645,1,0.5530601262929588,0.155067020383909,0.3227464648337954
0,7,0,1,75.44244799788136,-0.7723973986760064,0.4794779470745702,1,0.5417474240584605,0.15288192789378774,0.3159607291066575
0,8,0,1,75.44244799788136,-0.8036161729187723,0.47226108029962505,1,0.5304660977459205,0.15068380810319068,0.30925251630087874
0,9,0,1,75.44244799788136,-0.8348349471615382,0.46520409794321277,1,0.5192317786530078,0.14847212836287166,0.302623717649986
0,10,0,1,75.44244799788136,-0.866053721404304,0.458314385616481,1,0.5080599203706728,0.1462463800139416,0.29607610342727464
0,11,0,1,75.44244799788136,-0.8972724956470697,0.4515995991199854,1,0.49696571690619756,0.14400608523688835,0.2896113226897649
0,12,0,1,75.44244799788136,-0.9284912698898355,0.445067655902016,1,0.4859640226092633,0.14175080467400064,0.2832309033589809
0,13,0,1,75.44244799788136,-0.9597100441326012,0.4387267227755382,1,0.4750692746273451,0.13948014584312723,0.27693625262661786
0,14,0,1,75.44244799788136,-0.9909288183753671,0.4325851994313692,1,0.46429541857143425,0.13719377234463562,0.2707286576720038
0,15,0,1,75.44244799788136,-1.022147592618133,0.42665169728861474,1,0.45365583802094545,0.1348914138430824,0.2646092866772413
0,16,0,1,75.44244799788136,-1.0533663668608986,0.4209350132430169,1,0.44316328843998765,0.13257287678012608,0.25857919012503383
0,17,0,1,75.44244799788136,-1.0845851411036644,0.41544409791331344,1,0.43282983601828046,0.13023805574545722,0.25263930236345306
0,18,0,1,75.44244799788136,-1.1158039153464303,0.41018801804852795,1,0.42266680189105926,0.12788694539805961,0.24679044342129774
0,19,0,1,75.44244799788136,-1.147022689589196,0.4051759128485022,1,0.412684712135232,0.12551965279136101,0.24103332105721564
0,20,0,1,75.44244799788136,-1.1782414638319618,0.400416944068454,1,0.402893253885269,0.12313640991358127,0.23536853302541608
0,21,0,1,75.44244799788136,-1.2094602380747275,0.3959202399272947,1,0.39330123786268273,0.12073758621011965,0.2297965695405801
0,22,0,1,75.44244799788136,-1.2406790123174933,0.3916948330186634,1,0.3839165675676335,0.11832370080994067,0.2243178159244689
0,23,0,1,75.44244799788136,-1.2718977865602592,0.38774959263088266,1,0.37474621533957714,0.11589543413496266,0.2189325554167457
0,24,0,1,75.44244799788136,-1.303116560803025,0.3840931521125794,1,0.3657962054545521,0.11345363853327112,0.21364097213263897
0,25,0,1,75.44244799788136,-1.3343353350457907,0.380733832167045,1,0.357071604387605,0.11099934754682414,0.20844315415029013
0,26,0,1,75.44244799788136,-1.3655541092885564,0.3776795612101545,1,0.34857651832735265,0.1085337834056809,0.2033390967109307
0,27,0,1,75.44244799788136,-1.3967728835313222,0.374937794170781,1,0.3403140979828648,0.10605836233712926,0.1983287055154222
0,28,0,1,75.44244799788136,-1.427991657774088,0.372515431333887,1,0.33228655066805507,0.10357469729255335,0.1934118001011486
0,29,0,1,75.44244799788136,-1.459210432016854,0.370418739008379,1,0.3244951595831721,0.10108459772988065,0.18858811728377728
0,30,0,1,75.44244799788136,-1.4904292062596196,0.36865327392783065,1,0.31694031013518936,0.0985900661463161,0.18385731464898492
0,31,0,1,75.44244799788136,-1.5216479805023855,0.36722381334728765,1,0.30962152304854934,0.09609329113470663,0.17921897407987614
0,32,0,1,75.44244799788136,-1.5528667547451511,0.3661342927716601,1,0.3025374939159647,0.0935966368354903,0.1746726053064929
0,33,0,1,75.44244799788136,-1.584085528987917,0.3653877531335016,1,0.29568613872862665,0.09110262877118666,0.1702176494645163
0,34,0,1,75.44244799788136,-1.6153043032306829,0.36498629902909857,1,0.28906464481063804,0.08861393617648289,0.16585348265099467
0,35,0,1,75.44244799788136,-1.6465230774734485,0.3649310693273912,1,0.28266952646955074,0.08613335106743476,0.16157941946567736
0,36,0,1,75.44244799788136,-1.6777418517162144,0.3652222210988437,1,0.2764966845702417,0.08366376442048416,0.15739471652729733
0,37,0,1,75.44244799788136,-1.7089606259589802,0.36585892738974807,1,0.27054146914996824,0.08120813994794106,0.1532985759549115
0,38,0,1,75.44244799788136,-1.7401794002017459,0.3668393889151573,1,0.2647987441248808,0.07876948605379125,0.14929014880517427
0,39,0,1,75.44244799788136,-1.7713981744445118,0.3681608592870513,1,0.25926295309796843,0.07635082662582776,0.14536853845718348
0,40,0,1,75.44244799788136,-1.8026169486872776,0.3698196829601944,1,0.253928185269113,0.07395517136260905,0.14153280393729067
0,41,0,1,75.44244799788136,-1.8338357229300433,0.37181134469115146,1,0.24878824047121706,0.07158548634427009,0.1377819631770055
0,42,0,1,75.44244799788136,-1.8650544971728091,0.3741305289865699,1,0.243836692411547,0.06924466553480334,0.13411499619784722
0,43,0,1,75.44244799788136,-1.896273271415575,0.37677118777975027,1,0.23906694928156164,0.06693550385243803,0.13053084821769587
0,44,0,1,75.44244799788136,-1.9274920456583406,0.3797266144275666,1,0.23447231100674654,0.0646606723685274,0.1270284326738733
0,45,0,1,75.44244799788136,-1.9587108199011065,0.38298952206391323,1,0.23004602253413625,0.062422696099727726,0.12360663415883454
0,46,0,1,75.44244799788136,-1.9899295941438722,0.38655212437565556,1,0.22578132269227827,0.060223934749904506,0.12026431126497435
0,47,0,1,75.44244799788136,-2.021148368386638,0.3904062169719954,1,0.22167148829925531,0.05806656664402835,0.11700029933564497
0,48,0,1,75.44244799788136,-2.0523671426294037,0.39454325768399856,1,0.21770987333234457,0.05595257598286129,0.11381341312004611
0,49,0,1,75.44244799788136,-2.0835859168721695,0.3989544443415616,1,0.21388994310217493,0.05388374344016787,0.11070244933017719
0,50,0,1,75.44244799788136,-2.1148046911149354,0.40363078881365216,1,0.21020530349028665,0.05186164002804456,0.10766618909854099
0,51,0,1,75.44244799788136,-2.1460234653577013,0.4085631863485046,1,0.20664972540861862,0.04988762407394282,0.1047034003357552
0,52,0,1,75.44244799788136,-2.177242239600467,0.41374247949977216,1,0.20321716472083542,0.0479628410869269,0.10181283998765965
0,53,0,1,75.44244799788136,-2.208461013843233,0.4191595161611636,1,0.19990177792802843,0.04608822624128163,0.09899325619191134
0,54,0,1,75.44244799788136,-2.239679788085999,0.424805201447401,1,0.1966979339657104,0.044264509172346735,0.09624339033442646
0,55,0,1,75.44244799788136,-2.2708985623287643,0.43067054334785654,1,0.19360022248653724,0.04249222076116827,0.0935619790063693
0,56,0,1,75.44244799788136,-2.30211733657153,0.4367466922379307,1,0.19060345901577225,0.04077170157943235,0.09094775586269406
0,57,0,1,75.44244799788136,-2.333336110814296,0.4430249744613439,1,0.187702687366431,0.03910311167205427,0.08839945338352687
0,58,0,1,75.44244799788136,-2.3645548850570615,0.44949692029494476,1,0.18489317969070881,0.03748644136949522,0.0859158045399227
0,59,0,1,75.44244799788136,-2.3957736592998273,0.4561542866786085,1,0.1821704345260595,0.03592152284316003,0.08349554436575778
0,60,0,1,75.44244799788136,-2.426992433542593,0.4629890751393225,1,0.1795301731703636,0.03440804214304677,0.08113741143771352
0,61,0,1,75.44244799788136,-2.458211207785359,0.4699935453641094,1,0.1769683346929416,0.03294555148536383,0.07884014926548093
0,62,0,1,75.44244799788136,-2.489429982028125,0.47716022488462917,1,0.17448106985841774,0.03153348158757082,0.07660250759446305
0,63,0,1,75.44244799788136,-2.520648756270891,0.48448191533063384,1,0.17206473420997667,0.03017115387799805,0.07442324362338022
0,64,0,1,75.44244799788136,-2.5518675305136567,0.49195169569317865,1,0.16971588052845904,0.02885779243590003,0.07230112313928823
0,65,0,1,75.44244799788136,-2.583086304756422,0.49956292301452176,1,0.1674312508548277,0.027592535544802642,0.07023492157260651
0,66,0,1,75.44244799788136,-2.614305078999188,0.5073092308924578,1,0.16520776823635974,0.02637444676684265,0.06822342497482142
0,67,0,1,75.44244799788136,-2.645523853241954,0.5151845261545089,1,0.16304252833186816,0.025202525468190618,0.06626543092158166
0,68,0,1,75.44244799788136,-2.6767426274847197,0.5231829840236201,1,0.16093279098851848,0.024075716745468316,0.06435974934393852
0,69,0,1,75.44244799788136,-2.7079614017274856,0.531299042063072,1,0.1588759718824756,0.022992920720313607,0.06250520329050575
0,70,0,1,75.44244799788136,-2.739180175970251,0.539527393155233,1,0.15686963429765802,0.02195300118399027,0.060700629623322455
0,71,0,1,75.44244799788136,-2.770398950213017,0.5478629777372162,1,0.1549114811012088,0.020954793586334106,0.058944879650199136
0,72,0,1,75.44244799788136,-2.8016177244557827,0.5563009754869771,1,0.15299934696077222,0.019997112373552277,0.05723681969631364
0,73,0,1,75.44244799788136,-2.8328364986985486,0.5648367966261582,1,0.15113119083712015,0.019078757687661346,0.055575331617799394
0,74,0,1,75.44244799788136,-2.8640552729413145,0.5734660729812205,1,0.14930508877592352,0.018198521446874314,0.05395931326003664
0,75,0,1,75.44244799788136,-2.8952740471840803,0.5821846489221182,1,0.1475192270143141,0.0173551928312479,0.05238767886331741
0,76,0,1,75.44244799788136,-2.9264928214268457,0.5909885722779267,1,0.14577189541115074,0.01654756320158292,0.050859359418508006
0,77,0,1,75.44244799788136,-2.9577115956696116,0.5998740853113252,1,0.14406148120440476,0.01577443048213067,0.0493733029752801
0,78,0,1,75.44244799788136,-2.9889303699123775,0.6088376158185046,1,0.14238646309465555,0.015034603039274267,0.04792847490542442
0,79,0,1,75.44244799788136,-3.0201491441551434,0.6178757684077663,1,0.1407454056501746,0.014326903089186443,0.04652385812369763
0,80,0,1,75.44244799788136,-3.051367918397909,0.6269853159986117,1,0.13913695402634763,0.013650169667661095,0.045158453268588514
0,81,0,1,75.44244799788136,-3.0825866926406746,0.6361631915733066,1,0.13755982899010927,0.01300326119499674,0.043831278845319815
0,82,0,1,75.44244799788136,-3.1138054668834405,0.6454064802045735,1,0.13601282223853925,0.012385057668088345,0.04254137133333099
0,83,0,1,75.44244799788136,-3.1450242411262064,0.6547124113760503,1,0.13449479199969927,0.01179446251085104,0.04128778526041439
0,84,0,1,75.44244799788136,-3.1762430153689722,0.6640783516062643,1,0.1330046589030879,0.011230404112836247,0.04006959324560205
0,85,0,1,75.44244799788136,-3.207461789611738,0.6735017973820179,1,0.13154140210669982,0.010691837084471975,0.038885886012825346
0,86,0,1,75.44244799788136,-3.238680563854504,0.682980368403067,1,0.13010405566751884,0.010177743255821901,0.03773577237729358
0,87,0,1,75.44244799788136,-3.269899338097269,0.6925118011367273,1,0.12869170514231915,0.009687132444156239,0.03661837920646124
0,88,0,1,75.44244799788136,-3.301118112340035,0.7020939426784312,1,0.12730348440583758,0.009219043013997983,0.03553285135737779
0,89,0,1,75.44244799788136,-3.3323368865828007,0.7117247449121881,1,0.12593857267369019,0.008772542251681604,0.03447835159213859
0,90,0,1,75.44244799788136,-3.3635556608255666,0.7214022589633047,1,0.12459619171779684,0.008346726574858068,0.03345406047308017
0,91,0,1,75.44244799788136,-3.3947744350683324,0.7311246299345026,1,0.12327560326253724,0.00794072159582114,0.03245917623928995
0,92,0,1,75.44244799788136,-3.4259932093110983,0.7408900919156852,1,0.12197610655035786,0.007553682056025432,0.031492914665927706
0,93,0,1,75.44244799788136,-3.457211983553864,0.75069696325699,1,0.12069703606607739,0.007184791647728221,0.03055450890778482
0,94,0,1,75.44244799788136,-3.48843075779663,0.7605436420943675,1,0.11943775940967806,0.00683326273732058,0.02964320932843775
0,95,0,1,75.44244799788136,-3.519649532039396,0.7704286021167239,1,0.11819767530791446,0.006498336003622262,0.028758283316284206
1,0,0,1,75.44244799788136,3.182879742686292,0.49280389325225815,1,0.9844615213772463,0.9017643555681086,0.9601849042024562
1,1,0,1,75.44244799788136,3.151660968443526,0.4841158325601581,1,0.983705965862922,0.900500126888778,0.9589741187193814
1,2,0,1,75.44244799788136,3.12044219420076,0.4755349619204794,1,0.9829178371095473,0.89920240602663,0.9577281339943742
1,3,0,1,75.44244799788136,3.089223419957994,0.46706718919709334,1,0.9820961793345108,0.8978693534295012,0.9564460264951534
1,4,0,1,75.44244799788136,3.0580046457152283,0.4587187776652486,1,0.9812400610328517,0.8964989942833201,0.9551268545929159
1,5,0,1,75.44244799788136,3.0267858714724625,0.4504963632299277,1,0.9803485827248829,0.8950892081440424,0.9537696585988424
1,6,0,1,75.44244799788136,2.9955670972296975,0.4424069711550068,1,0.9794208854824907,0.8936377179466414,0.9523734608314174
1,7,0,1,75.44244799788136,2.9643483229869316,0.434458031934234,1,0.9784561602494974,0.8921420784079154,0.9509372657166434
1,8,0,1,75.44244799788136,2.9331295487441658,0.42665739585791035,1,0.977453657957704,0.8905996638567781,0.9494600599233074
1,9,0,1,75.44244799788136,2.9019107745014,0.4190133457430731,1,0.9764127004226331,0.8890076555466231,0.947940812535526
1,10,0,1,75.44244799788136,2.870692000258634,0.41153460720068175,1,0.9753326919810239,0.8873630285297905,0.946378475264875
1,11,0,1,75.44244799788136,2.839473226015868,0.4042303557123086,1,0.974213131805333,0.885662538204595,0.9447719827044717
1,12,0,1,75.44244799788136,2.8082544517731023,0.39711021968371013,1,0.9730536267985157,0.8839027066811017,0.9431202526274498
1,13,0,1,75.44244799788136,2.7770356775303364,0.3901842785372756,1,0.9718539049350036,0.8820798091530567,0.9414221863323237
1,14,0,1,75.44244799788136,2.7458169032875706,0.38346305480519094,1,0.9706138288711513,0.8801898605099595,0.9396766690378068
1,15,0,1,75.44244799788136,2.7145981290448047,0.37695749909753523,1,0.9693334096009657,0.8782286024746921,0.9378825703296925
1,16,0,1,75.44244799788136,2.683379354802039,0.3706789667538104,1,0.9680128198816267,0.8761914916073968,0.9360387446624621
1,17,0,1,75.44244799788136,2.652160580559274,0.3646391849540331,1,0.9666524070997614,0.8740736885737435,0.9341440319183186
1,18,0,1,75.44244799788136,2.620941806316508,0.35885020907988247,1,0.9652527051960146,0.8718700491329325,0.9321972580263896
1,19,0,1,75.44244799788136,2.589723032073742,0.3533243671923492,1,0.9638144452153667,0.8695751173544578,0.9301972356448531
1,20,0,1,75.44244799788136,2.5585042578309762,0.3480741916453122,1,0.9623385640079847,0.8671831216186167,0.9281427649087708
1,21,0,1,75.44244799788136,2.5272854835882104,0.3431123370991866,1,0.9608262105750568,0.86468797398902,0.9260326342464106
1,22,0,1,75.44244799788136,2.4960667093454445,0.3384514845472819,1,0.959278749541615,0.8620832735602287,0.9238656212668346
1,23,0,1,75.44244799788136,2.4648479351026786,0.33410423142683626,1,0.9576977612495908,0.8593623143742309,0.9216404937215125
1,24,0,1,75.44244799788136,2.4336291608599128,0.33008296845617424,1,0.9560850380048904,0.8565180984600053,0.9193560105426873
1,25,0,1,75.44244799788136,2.402410386617147,0.32639974450790754,1,0.9544425760866521,0.853543354476218,0.9170109229611686
1,26,0,1,75.44244799788136,2.371191612374381,0.3230661215715441,1,0.9527725632379099,0.8504305623251743,0.9146039757061659
1,27,0,1,75.44244799788136,2.339972838131615,0.32009302263903994,1,0.9510773615045972,0.8471719839563299,0.9121339082896978
1,28,0,1,75.44244799788136,2.30875406388885,0.3174905761114477,1,0.9493594854707463,0.843759700393237,0.9095994563779973
1,29,0,1,75.44244799788136,2.2775352896460843,0.31526796101003646,1,0.9476215761442683,0.8401856548061841,0.906999353252227
1,30,0,1,75.44244799788136,2.2463165154033184,0.3134332578105545,1,0.9458663709680527,0.8364417012255303,0.9043323313606629
1,31,0,1,75.44244799788136,2.2150977411605526,0.31199331003486924,1,0.9440966706499136,0.8325196582630934,0.9015971239643424
1,32,0,1,75.44244799788136,2.1838789669177867,0.3109536017700315,1,0.9423153037042183,0.8284113669986135,0.8987924668779814
1,33,0,1,75.44244799788136,2.152660192675021,0.3103181560003563,1,0.9405250897593661,0.8241087520135879,0.8959171003077444
1,34,0,1,75.44244799788136,2.121441418432255,0.3100894580207983,1,0.9387288027918373,0.819603884432356,0.8929697707872097
1,35,0,1,75.44244799788136,2.090222644189489,0.31026840727065363,1,0.9369291354864656,0.8148890457728325,0.8899492332126019
1,36,0,1,75.44244799788136,2.0590038699467232,0.3108542997408413,1,0.935128665887242,0.8099567914233615,0.88685425297805065
1,37,0,1,75.44244799788136,2.0277850957039574,0.3118448417513655,1,0.9333298273939529,0.8048000126470588,0.8836836082113203
1,38,0,1,75.44244799788136,1.9965663214611913,0.31323619447465584,1,0.931534882985606,0.7994119961624446,0.8804360921100748
1,39,0,1,75.44244799788136,1.9653475472184263,0.31502304720997704,1,0.9297459043268403,0.793786480544207,0.8771105153783586
1,40,0,1,75.44244799788136,1.9341287729756595,0.3171987162023505,1,0.9279647561581281,0.787917708910968,0.8737057087625428
1,41,0,1,75.44244799788136,1.9029099987328946,0.3197552648352236,1,0.9261930861064075,0.7818004775962876,0.8702205256855304
1,42,0,1,75.44244799788136,1.8716912244901287,0.32268364036891223,1,0.9244323198011114,0.7754301807138259,0.866653844977514
1,43,0,1,75.44244799788136,1.8404724502473628,0.3259738220717851,1,0.9226836609595297,0.768802850709934,0.8630045737010688
1,44,0,1,75.44244799788136,1.809253676004597,0.32961497558956104,1,0.9209480959282497,0.7619151951341547,0.8592716500677944
1,45,0,1,75.44244799788136,1.778034901761831,0.33359560868241483,1,0.9192264020415306,0.7547646299434563,0.8554540464431414
1,46,0,1,75.44244799788136,1.7468161275190652,0.33790372397169527,1,0.9175191590845311,0.7473493096885229,0.8515507724354372
1,47,0,1,75.44244799788136,1.7155973532762994,0.34252696500881974,1,0.9158267631260263,0.7396681549142523,0.8475608780644817
1,48,0,1,75.44244799788136,1.6843785790335335,0.34745275273745013,1,0.9141494420046202,0.7317208770497318,0.8434834570044115
1,49,0,1,75.44244799788136,1.653159804790768,0.35266841020138856,1,0.9124872718052588,0.7235080009756515,0.8393176498948393
1,50,0,1,75.44244799788136,1.6219410305480022,0.358161274100904,1,0.9108401937390559,0.7150308853505222,0.835062647713545
1,51,0,1,75.44244799788136,1.5907222563052363,0.3639187924793879,1,0.9092080309293736,0.7062917406620589,0.8307176952032814
1,52,0,1,75.44244799788136,1.559503482062471,0.3699286084046399,1,0.9075905047022782,0.697293644856359,0.8262820943444823
1,53,0,1,75.44244799788136,1.528284707819705,0.3761786299820816,1,0.9059872500730919,0.6880405562930573,0.8217552078649188
1,54,0,1,75.44244799788136,1.4970659335769392,0.38265708739897036,1,0.9043978302077953,0.6785373236856338,0.8171364627765744
1,55,0,1,75.44244799788136,1.4658471593341733,0.38935257795550215,1,0.9028217497152299,0.668789692616749,0.8124253539292422
1,56,0,1,75.44244799788136,1.4346283850914074,0.3962541002021207,1,0.9012584666917363,0.6588043081715207,0.8076214475695891
1,57,0,1,75.44244799788136,1.4034096108486416,0.40335107838687395,1,0.8997074034934895,0.6485887132082324,0.8027243848936729
1,58,0,1,75.44244799788136,1.3721908366058757,0.41063337843772596,1,0.8981679562537961,0.6381513417861204,0.7977338855801739
1,59,0,1,75.44244799788136,1.3409720623631098,0.41809131667731647,1,0.8966395031939786,0.6275015072928186,0.7926497512908798
1,60,0,1,75.44244799788136,1.3097532881203444,0.4257156624053528,1,0.8951214117985319,0.6166493848582344,0.7874718691242962
1,61,0,1,75.44244799788136,1.2785345138775785,0.4334976353983368,1,0.8936130449394702,0.6056059877050862,0.7822002150076055
1,62,0,1,75.44244799788136,1.2473157396348127,0.4414288992772621,1,0.8921137660426754,0.594383137166701,0.7768348570116129
1,63,0,1,75.44244799788136,1.2160969653920473,0.44950155158885263,1,0.8906229433919889,0.582993426197244,0.7713759585727721
1,64,0,1,75.44244799788136,1.1848781911492814,0.45770811134051514,1,0.8891399536659722,0.5714501763054985,0.7658237816059185
1,65,0,1,75.44244799788136,1.1536594169065155,0.4660415046275188,1,0.8876641847987731,0.5597673879575331,0.7601786894909285
1,66,0,1,75.44244799788136,1.1224406426637497,0.47449504889569377,1,0.8861950382512,0.5479596846129293,0.7544411499162059
1,67,0,1,75.44244799788136,1.0912218684209838,0.4830624362958031,1,0.8847319307716629,0.5360422506804359,0.7486117375616625
1,68,0,1,75.44244799788136,1.060003094178218,0.49173771650750114,1,0.8832742957195837,0.5240307637986821,0.7426911366037192
1,69,0,1,75.44244799788136,1.028784319935452,0.5005152793416512,1,0.88182158401664,0.5119413219627028,0.7366801430248275
1,70,0,1,75.44244799788136,0.9975655456926866,0.5093898373695294,1,0.8803732647840634,0.4997903661243858,0.7305796667100831
1,71,0,1,75.44244799788136,0.9663467714499208,0.5183564087755883,1,0.8789288257173752,0.48759459899163693,0.7243907333137002
1,72,0,1,75.44244799788136,0.9351279972071549,0.527410300586326,1,0.877487773243528,0.47537090083444283,0.7181144858784402
1,73,0,1,75.44244799788136,0.903909222964389,0.5365470923906472,1,0.8760496324995288,0.4631362431738147,0.7117521861915249
1,74,0,1,75.44244799788136,0.8726904487216232,0.5457626206361347,1,0.8746139471662498,0.45090760128000723,0.7053052158611576
1,75,0,1,75.44244799788136,0.8414716744788573,0.5550529635601,1,0.8731802791863332,0.4387018664380522,0.6987750770984794
1,76,0,1,75.44244799788136,0.8102529002360919,0.5644144267934185,1,0.8717482083908167,0.42653575895077267,0.6921633931906543
1,77,0,1,75.44244799788136,0.779034125993326,0.5738435296583043,1,0.8703173320553373,0.4144257428417904,0.6854719086517539
1,78,0,1,75.44244799788136,0.7478153517505601,0.5833369921677557,1,0.8688872644034821,0.4023879431939817,0.6787024890392561
1,79,0,1,75.44244799788136,0.7165965775077943,0.5928917227238141,1,0.8674576360719741,0.39043806701327805,0.6718571204252228
1,80,0,1,75.44244799788136,0.6853778032650284,0.60250480650362,1,0.8660280935499214,0.3785913284450828,0.6649379085126248
1,81,0,1,75.44244799788136,0.654159029022263,0.6121734945160416,1,0.8645982986022133,0.36686237909278074,0.6579470773887959
1,82,0,1,75.44244799788136,0.6229402547794971,0.6218951933070911,1,0.8631679276853286,0.3552652440971329,0.6508869679096427
1,83,0,1,75.44244799788136,0.5917214805367312,0.6316674552891033,1,0.8617366713622754,0.3438132645343634,0.6437600357099781
1,84,0,1,75.44244799788136,0.5605027062939654,0.6414879696664803,1,0.860304233722054,0.33251904658222875,0.6365688488371964
1,85,0,1,75.44244799788136,0.5292839320511995,0.6513545539295016,1,0.8588703318079306,0.3213944177901928,0.6293160850074492
1,86,0,1,75.44244799788136,0.49806515780843363,0.6612651458870651,1,0.8574346950578741,0.3104503906748945,0.6220045284854766
1,87,0,1,75.44244799788136,0.4668463835656682,0.6712177962091349,1,0.8559970647597251,0.2996971337481393,0.6146370665913368
1,88,0,1,75.44244799788136,0.43562760932290234,0.6812106614499795,1,0.8545571935230153,0.2891439499742814,0.6072166858393736
1,89,0,1,75.44244799788136,0.4044088350801365,0.6912419975239169,1,0.8531148447688162,0.2787992625493973,0.5997464677169144
1,90,0,1,75.44244799788136,0.3731900608373706,0.7013101536061312,1,0.8516697922385519,0.26867060779809115,0.5922295841123351
1,91,0,1,75.44244799788136,0.34197128659460474,0.7114135664321569,1,0.8502218195223455,0.2587646348967716,0.5846692924042709
1,92,0,1,75.44244799788136,0.3107525123518393,0.7215507549707444,1,0.8487707196071732,0.24908711205605802,0.5770689302258672
1,93,0,1,75.44244799788136,0.27953373810907345,0.731720315446036,1,0.847316294444859,0.23964293873046602,0.5694319099200228
1,94,0,1,75.44244799788136,0.24831496386630758,0.7419209166862102,1,0.845858354539757,0.2304361633711991,0.561761712703583
1,95,0,1,75.44244799788136,0.2170961896235417,0.7521512957770076,1,0.8443967185558116,0.22147000619782936,0.5540618825603447
0,0,0,0,75.44244799788136,0.2727706888352901,0.4353855691333975,1,0.7551233324930109,0.35879799014940306,0.5677729781788466
0,1,0,0,75.44244799788136,0.24155191459252423,0.42551093476724633,1,0.7456515735346368,0.35607301881973574,0.560096058707746
0,2,0,0,75.44244799788136,0.21033314034975858,0.41570592483851365,1,0.7359680818923536,0.35332615712846765,0.5523902817144875
0,3,0,0,75.44244799788136,0.17911436610699272,0.4059755840289621,1,0.7260804777612643,0.35055562848644656,0.5446592589535665
0,4,0,0,75.44244799788136,0.14789559186422685,0.3963254120693433,1,0.715997452239335,0.3477594986947106,0.5369066505537993
0,5,0,0,75.44244799788136,0.1166768176214612,0.38676140993987146,1,0.7057287884761818,0.3449356615980095,0.5291361581941885
0,6,0,0,75.44244799788136,0.08545804337869534,0.3772901307056477,1,0.6952853770412346,0.342081823616586,0.5213515181106543
0,7,0,0,75.44244799788136,0.05423926913592969,0.3679187352929407,1,0.6846792250881328,0.3391954871684123,0.5135564939613635
0,8,0,0,75.44244799788136,0.023020494893163823,0.3586550534618103,1,0.673923458929906,0.33627393303845493,0.5057548695793761
0,9,0,0,75.44244799788136,-0.008198279349602045,0.34950765014559543,1,0.6630323196720391,0.33331420181341065,0.49795044164212615
0,10,0,0,75.44244799788136,-0.03941705359236791,0.34048589719599637,1,0.6520211515715335,0.3303130745847423,0.4901470122878363
0,11,0,0,75.44244799788136,-0.07063582783513356,0.3316000503783046,1,0.6409063827916563,0.327267053235898,0.4823483817093436
0,12,0,0,75.44244799788136,-0.10185460207789943,0.32286133118552685,1,0.6297054981948591,0.3241723407784952,0.47455834075597436
0,13,0,0,75.44244799788136,-0.13307337632066507,0.3142820126595724,1,0.6184370037496413,0.3210248223951305,0.4667806635740486
0,14,0,0,75.44244799788136,-0.16429215056343094,0.30587550789541423,1,0.6071203820094012,0.31782004809202874,0.45901910031632054
0,15,0,0,75.44244799788136,-0.1955109248061968,0.2976564592305505,1,0.5957760379410163,0.3145532181714127,0.45127736995017276
0,16,0,0,75.44244799788136,-0.22672969904896245,0.28964082525694473,1,0.5844252341280388,0.31121917310805663,0.4435591531936891
0,17,0,0,75.44244799788136,-0.2579484732917283,0.2818459617093075,1,0.5730900140419,0.3078123898598278,0.4358680856078305
0,18,0,0,75.44244799788136,-0.2891672475344941,0.27429069096604364,1,0.5617931116658317,0.3043269871535612,0.4282077508718512
0,19,0,0,75.44244799788136,-0.32038602177725983,0.26699535335259994,1,0.5505578452843228,0.3007567428484789,0.4205816742678242
0,20,0,0,75.44244799788136,-0.3516047960200257,0.2599818317028992,1,0.5394079927488603,0.2970951270539435,0.4129933163987094
0,21,0,0,75.44244799788136,-0.38282357026279146,0.25327353881085624,1,0.528367645058404,0.2933353552045707,0.40544606716281234
0,22,0,0,75.44244799788136,-0.4140423445055572,0.24689535566798093,1,0.5174610347453196,0.2894704656772058,0.3979432400057572
0,23,0,0,75.44244799788136,-0.44526111874832297,0.24087350701463237,1,0.5067123354701094,0.285493426634213,0.39048806646926054
0,24,0,0,75.44244799788136,-0.47647989299108884,0.2352353601291742,1,0.49614542957838165,0.28139727641842904,0.3830836910540505
0,25,0,0,75.44244799788136,-0.5076986672338546,0.2300091334515681,1,0.48578364136883245,0.27717530079951685,0.3757331664122575
0,26,0,0,75.44244799788136,-0.5389174414766204,0.2252235041678489,1,0.4756494356717027,0.2728212484701226,0.3684394488825204
0,27,0,0,75.44244799788136,-0.5701362157193862,0.22090710882770082,1,0.4657640842043808,0.26832958325353845,0.36120539437892796
0,28,0,0,75.44244799788136,-0.601354989962152,0.21708793880371863,1,0.45614730609189524,0.26369576747721635,0.3540337546427728
0,29,0,0,75.44244799788136,-0.6325737642049177,0.2137926429041592,1,0.44681689373950945,0.258916566066438,0.3469271738639402
0,30,0,0,75.44244799788136,-0.6637925384476835,0.21104576207142464,1,0.4377883404557342,0.25399035558933925,0.33988818567662565
0,31,0,0,75.44244799788136,-0.6950113126904494,0.2088689344041767,1,0.4290744910601299,0.24891741752807114,0.33291921053196954
0,32,0,0,75.44244799788136,-0.7262300869332151,0.20728012054326136,1,0.4206852401311518,0.24370019150451136,0.3260225534481441
0,33,0,0,75.44244799788136,-0.7574488611759809,0.2062929071204012,1,0.4126273034518452,0.23834346315895907,0.3192004021364426
0,34,0,0,75.44244799788136,-0.7886676354187467,0.20591594699393442,1,0.40490408572913683,0.23285446373604288,0.31245482550000697
0,35,0,0,75.44244799788136,-0.8198864096615124,0.20615258782536774,1,0.39751566149857864,0.2272428644737579,0.3057877725000171
0,36,0,0,75.44244799788136,-0.8511051839042783,0.2070007252408743,1,0.3904588767893517,0.22152065811302268,0.29920107138244356
0,37,0,0,75.44244799788136,-0.8823239581470441,0.2084528953405654,1,0.3837275679424154,0.21570193092038958,0.2926964292568698
0,38,0,0,75.44244799788136,-0.9135427323898098,0.21049659722652603,1,0.3773128828292974,0.20980253966593485,0.28627543201740274
0,39,0,0,75.44244799788136,-0.9447615066325756,0.21311481378471264,1,0.3712036805625269,0.20383971707095014,0.2799395445943389
0,40,0,0,75.44244799788136,-0.9759802808753415,0.21628668199291418,1,0.36538698011715826,0.19783163484074298,0.27369011152403033
0,41,0,0,75.44244799788136,-1.0071990551181071,0.21998825492052992,1,0.35984842676352224,0.191796954859839,0.2675283578233081
0,42,0,0,75.44244799788136,-1.038417829360873,0.22419329682423808,1,0.35457274759330953,0.18575439670123056,0.26145539015387176
0,43,0,0,75.44244799788136,-1.0696366036036389,0.22887405908343267,1,0.349544172728524,0.1797223442635921,0.255472198261243
0,44,0,0,75.44244799788136,-1.1008553778464045,0.23400199581242281,1,0.344746805698887,0.17371850743681994,0.2495796566722068
0,45,0,0,75.44244799788136,-1.1320741520891704,0.23954839116456714,1,0.3401649336400686,0.16775964752388825,0.243778526634124
0,46,0,0,75.44244799788136,-1.163292926331936,0.24548488327661364,1,0.3357832743785546,0.1618613687388527,0.23806945827909404
0,47,0,0,75.44244799788136,-1.194511700574702,0.25178388087325526,1,0.33158716251935855,0.1560379730653424,0.23245299299566172
0,48,0,0,75.44244799788136,-1.2257304748174678,0.25841887694270205,1,0.3275626801290236,0.1503023723068586,0.22692956599060854
0,49,0,0,75.44244799788136,-1.2569492490602334,0.2653646694560562,1,0.3236967395973835,0.14466604919931686,0.2214995090233205
0,50,0,0,75.44244799788136,-1.2881680233029993,0.2725975021403927,1,0.31997712703203735,0.13913905872148222,0.21616305329529542
0,51,0,0,75.44244799788136,-1.3193867975457652,0.28009513936037106,1,0.31639251441982325,0.1337300608985373,0.2109203324775171
0,52,0,0,75.44244799788136,-1.3506055717885308,0.28783688880318087,1,0.31293244809877985,0.12844637712768076,0.2057713858586868
0,53,0,0,75.44244799788136,-1.3818243460312967,0.2958035844288378,1,0.30958732008759876,0.12329406309579384,0.2007161615976488
0,54,0,0,75.44244799788136,-1.4130431202740625,0.3039775404671656,1,0.3063483277143752,0.11827799250977891,0.1957545200637735
0,55,0,0,75.44244799788136,-1.4442618945168282,0.31234248542017273,1,0.3032074259038752,0.11340194698793181,0.19088623724955353
0,56,0,0,75.44244799788136,-1.475480668759594,0.3208834832628491,1,0.3001572754996085,0.10866870848780569,0.18611100824022564
0,57,0,0,75.44244799788136,-1.50669944300236,0.32958684744056804,1,0.29719119015061757,0.10408015153490928,0.18142845072583827
0,58,0,0,75.44244799788136,-1.5379182172451256,0.3384400518898291,1,0.2943030835928775,0.09963733325689923,0.1768381085418359
0,59,0,0,75.44244799788136,-1.5691369914878914,0.347431642173008,1,0.291487418594896,0.09534057982593902,0.17233945522492317
0,60,0,0,75.44244799788136,-1.600355765730657,0.35655114890481093,1,0.28873915840113845,0.09118956838265908,0.1679318975716882
0,61,0,0,75.44244799788136,-1.631574539973423,0.36578900493332633,1,0.28605372117640543,0.08718340387736287,0.16361477918820536
0,62,0,0,75.44244799788136,-1.6627933142161888,0.37513646719207433,1,0.28342693771010974,0.08332069053682628,0.15938738401959496
0,63,0,0,75.44244799788136,-1.6940120884589545,0.38458554373123854,1,0.2808550124638775,0.07959959786587124,0.1552489398492804
0,64,0,0,75.44244799788136,-1.7252308627017203,0.39412892613866757,1,0.2783344879236984,0.07601792123724029,0.15119862175845233
0,65,0,0,75.44244799788136,-1.756449636944486,0.40375992735021504,1,0.2758622121362035,0.07257313722403134,0.14723555553701398
0,66,0,0,75.44244799788136,-1.7876684111872518,0.4134724247044142,1,0.27343530925721415,0.06926245389654394,0.14335882103804062
0,67,0,0,75.44244799788136,-1.8188871854300177,0.42326080800200344,1,0.27105115291135273,0.06608285634816087,0.1395674554685316
0,68,0,0,75.44244799788136,-1.8501059596727836,0.4331199322734235,1,0.2687073421479177,0.06303114773934032,0.13586045660996432
0,69,0,0,75.44244799788136,-1.8813247339155494,0.44304507492694906,1,0.26640167977562706,0.06010398615992522,0.1322367859628698
0,70,0,0,75.44244799788136,-1.9125435081583149,0.45303189693881574,1,0.26413215286363967,0.05729791761158757,0.12869537181033974
0,71,0,0,75.44244799788136,-1.9437622824010807,0.46307640774865905,1,0.26189691520583425,0.05460940540717367,0.12523511219603636
0,72,0,0,75.44244799788136,-1.9749810566438466,0.4731749335344041,1,0.25969427155776253,0.05203485627413216,0.12185487781291582
0,73,0,0,75.44244799788136,-2.0061998308866125,0.4833240885571895,1,0.2575226634696199,0.04957064343665712,0.1185535147994806
0,74,0,0,75.44244799788136,-2.0374186051293783,0.4935207492866466,1,0.2553806565530677,0.04721312693681258,0.1153298474409564
0,75,0,0,75.44244799788136,-2.068637379372144,0.5037620310382005,1,0.2532669290341374,0.044958671439554544,0.11218268077333332
0,76,0,0,75.44244799788136,-2.0998561536149096,0.5140452668758634,1,0.25118026145834044,0.04280366175082149,0.1091108030887263
0,77,0,0,75.44244799788136,-2.1310749278576755,0.5243679885554486,1,0.24911952742723234,0.04074451626214864,0.10611298834099095
0,78,0,0,75.44244799788136,-2.1622937021004414,0.5347279093037518,1,0.24708368525790214,0.03877769851986184,0.10318799845098077
0,79,0,0,75.44244799788136,-2.1935124763432072,0.5451229082486817,1,0.24507177046809467,0.03689972710201885,0.10033458551124744
0,80,0,0,75.44244799788136,-2.224731250585973,0.5555510163334278,1,0.24308288899993283,0.03510718397202108,0.0975514938903723
0,81,0,0,75.44244799788136,-2.2559500248287385,0.5660104035644341,1,0.24111621110450182,0.03339672146428715,0.09483746223746908
0,82,0,0,75.44244799788136,-2.2871687990715044,0.576499367458202,1,0.23917096581792932,0.03176506804461165,0.09219122538772129
0,83,0,0,75.44244799788136,-2.3183875733142703,0.5870163225658257,1,0.23724643596712577,0.030209032975835114,0.08961151617011061
0,84,0,0,75.44244799788136,-2.349606347557036,0.5975597909667021,1,0.23534195365007102,0.028725510008230877,0.08709706711875555
0,85,0,0,75.44244799788136,-2.380825121799802,0.608128393634187,1,0.2334568961415522,0.02731148020355035,0.08464661208951667
0,86,0,0,75.44244799788136,-2.412043896042568,0.618720842586129,1,0.23159068218060702,0.025964013991941218,0.08225888778373362
0,87,0,0,75.44244799788136,-2.4432626702853333,0.6293359337423433,1,0.22974276860069492,0.02468027255193212,0.0799326351811431
0,88,0,0,75.44244799788136,-2.474481444528099,0.6399725404192509,1,0.22791264726785473,0.02345750859533167,0.07766660088418742
0,89,0,0,75.44244799788136,-2.505700218770865,0.6506296073992154,1,0.22609984229587013,0.022293066631183356,0.07545953837605973
0,90,0,0,75.44244799788136,-2.536918993013631,0.6613061455186314,1,0.2243039075108055,0.021184382775816406,0.07331020919494843
0,91,0,0,75.44244799788136,-2.5681377672563968,0.6720012267246439,1,0.22252442414024265,0.02012898416950028,0.07121738402703823
0,92,0,0,75.44244799788136,-2.599356541499162,0.6827139795555734,1,0.2207609987051803,0.019124488054211353,0.06917984372090294
0,93,0,0,75.44244799788136,-2.630575315741928,0.6934435850047606,1,0.21901326109489724,0.018168600561520448,0.06719638022598368
0,94,0,0,75.44244799788136,-2.661794089984694,0.7041892727316754,1,0.21728086280715767,0.017259115254575498,0.06526579745789073
0,95,0,0,75.44244799788136,-2.69301286422746,0.7149503175878325,1,0.21556347533797932,0.016393911463552714,0.06338691209329404
1,0,0,0,75.44244799788136,4.009516410498228,0.3951688553486821,1,0.991707258661871,0.9621298221655371,0.982181106848945
1,1,0,0,75.44244799788136,3.978297636255462,0.3844589857548294,1,0.9912666734524057,0.9617554088876299,0.9816264306625452
1,2,0,0,75.44244799788136,3.947078862012696,0.37378054759462986,1,0.9908034588329535,0.9613751549401225,0.9810548212614202
1,3,0,0,75.44244799788136,3.9158600877699303,0.3631363137103139,1,0.9903165583036733,0.9609887603704098,0.9804657827326904
1,4,0,0,75.44244799788136,3.8846413135271645,0.3525293823960698,1,0.9898048824689254,0.9605958914750505,0.9798588059662664
1,5,0,0,75.44244799788136,3.8534225392843986,0.3419632247953837,1,0.9892673111240109,0.9601961757392344,0.979233368388234
1,6,0,0,75.44244799788136,3.8222037650416336,0.331441740453472,1,0.9887026961541401,0.959789195870294,0.9785889336945424
1,7,0,0,75.44244799788136,3.7909849907988677,0.32096932261457645,1,0.9881098654333219,0.9593744827394188,0.9779249515854687
1,8,0,0,75.44244799788136,3.759766216556102,0.3105509351893152,1,0.987487627953749,0.9589515070036151,0.9772408575013812
1,9,0,0,75.44244799788136,3.728547442313336,0.30019220372408284,1,0.9868347804693456,0.9585196691277335,0.9765360723603501
1,10,0,0,75.44244799788136,3.69732866807057,0.2898995231954497,1,0.9861501160027587,0.9580782874617404,0.9758100022982061
1,11,0,0,75.44244799788136,3.6661098938278043,0.2796801860404875,1,0.9854324346460568,0.9576265839485331,0.9750620384116828
1,12,0,0,75.44244799788136,3.6348911195850384,0.2695425345298941,1,0.9846805571848484,0.9571636669393491,0.9742915565053268
1,13,0,0,75.44244799788136,3.6036723453422725,0.25949614239988505,1,0.9838933421968847,0.9566885104738536,0.973497916842907
1,14,0,0,75.44244799788136,3.5724535710995067,0.24955203157359493,1,0.9830697074225783,0.9561999292370985,0.9726804639040978
1,15,0,0,75.44244799788136,3.541234796856741,0.2397229307910706,1,0.9822086563784467,0.9556965482336597,0.9718385261472703
1,16,0,0,75.44244799788136,3.510016022613975,0.2300235839519008,1,0.9813093113848022,0.9551767660207696,0.9709714157792713
1,17,0,0,75.44244799788136,3.47879724837121,0.2204711168011781,1,0.9803709544001503,0.9546387101231423,0.9700784285331271
1,18,0,0,75.44244799788136,3.447578474128444,0.21108547097208058,1,0.9793930772805828,0.9540801830285783,0.9691588434546677
1,19,0,0,75.44244799788136,3.4163596998856782,0.2018899138389936,1,0.978375443278268,0.9534985969700309,0.9682119226991247
1,20,0,0,75.44244799788136,3.3851409256429124,0.19291163030463526,1,0.9773181616930866,0.9528908956024998,0.9672369113388155
1,21,0,0,75.44244799788136,3.3539221514001465,0.18418239722115975,1,0.9762217774788824,0.9522534607985474,0.9662330371830956
1,22,0,0,75.44244799788136,3.3227033771573806,0.17573933062333746,1,0.9750873770866736,0.9515820033084377,0.9651995106118147
1,23,0,0,75.44244799788136,3.2914846029146148,0.16762567748471346,1,0.9739167105983547,0.9508714372630326,0.9641355244235935
1,24,0,0,75.44244799788136,3.260265828671849,0.15989159364689703,1,0.9727123278283483,0.950115740877213,0.9630402537002932
1,25,0,0,75.44244799788136,3.229047054429083,0.15259480406666717,1,0.9714777219867965,0.9493078097992581,0.9619128556891283
1,26,0,0,75.44244799788136,3.197828280186317,0.14580097832253888,1,0.970217468134699,0.9484393159188531,0.9607524697039408
1,27,0,0,75.44244799788136,3.1666095059435513,0.13958357666265464,1,0.9689373347555872,0.9475005933564865,0.9595582170472311
1,28,0,0,75.44244799788136,3.1353907317007863,0.13402284510684637,1,0.9676443360145928,0.9464805841152325,0.9583292009546075
1,29,0,0,75.44244799788136,3.1041719574580204,0.12920359781984825,1,0.9663466823185936,0.9453668858378138,0.957064506563401
1,30,0,0,75.44244799788136,3.0729531832152546,0.12521148074804195,1,0.9650535831619115,0.9441459477459418,0.9557632009072592
1,31,0,0,75.44244799788136,3.0417344089724887,0.12212763272538399,1,0.9637748670674704,0.9428034500185613,0.9544243329386135
1,32,0,0,75.44244799788136,3.010515634729723,0.12002208539081505,1,0.9625204161004995,0.9413248692036229,0.9530469335809892
1,33,0,0,75.44244799788136,2.979296860486957,0.11894680252313945,1,0.9612994664556825,0.9396961782394451,0.9516300158132054
1,34,0,0,75.44244799788136,2.948078086244191,0.11892973228701978,1,0.9601198862786402,0.9379045700069953,0.9501725747875822
1,35,0,0,75.44244799788136,2.9168593120014252,0.11997132638972725,1,0.9589875774662113,0.9359390577560344,0.9486735879843539
1,36,0,0,75.44244799788136,2.8856405377586594,0.12204448218589631,1,0.9579061323969535,0.9337908215461703,0.9471320154045522
1,37,0,0,75.44244799788136,2.8544217635158935,0.12509792424657362,1,0.9568768075452752,0.9314532388466752,0.9455467998036999
1,38,0,0,75.44244799788136,2.8232029892731276,0.12906209440437652,1,0.9558987847210915,0.9289216286548706,0.943916866968722
1,39,0,0,75.44244799788136,2.7919842150303626,0.1338561030201901,1,0.9549696209284256,0.9261928082453148,0.9422411260405402
1,40,0,0,75.44244799788136,2.760765440787596,0.13939435771193937,1,0.954085765603696,0.9232645838979874,0.9405184698848896
1,41,0,0,75.44244799788136,2.729546666544831,0.1455919508439986,1,0.9532430451026612,0.92013527584792,0.9387477755139416
1,42,0,0,75.44244799788136,2.698327892302065,0.15236844778911182,1,0.9524370559435926,0.916803336061595,0.9369279045613699
1,43,0,0,75.44244799788136,2.667109118059299,0.1596501492490067,1,0.9516634481815334,0.9132670775784121,0.9350577038135495
1,44,0,0,75.44244799788136,2.6358903438165333,0.16737112944370588,1,0.9509181069992027,0.9095245074436444,0.9331360057996047
1,45,0,0,75.44244799788136,2.6046715695737674,0.1754734120308778,1,0.9501972531196242,0.9055732427369542,0.9311616294430588
1,46,0,0,75.44244799788136,2.5734527953310016,0.18390660736014752,1,0.949497485061954,0.9014104867793584,0.9291333807778588
1,47,0,0,75.44244799788136,2.5422340210882357,0.19262725838817712,1,0.9488157833657772,0.8970330454908056,0.9270500537315547
1,48,0,0,75.44244799788136,2.51101524684547,0.20159806462373714,1,0.9481494921879088,0.8924373685823368,0.9249104309784175
1,49,0,0,75.44244799788136,2.479796472602704,0.21078708970995402,1,0.9474962890458538,0.887619604884564,0.9227132848652656
1,50,0,0,75.44244799788136,2.448577698359938,0.22016701219577092,1,0.9468541497205512,0.8825756648606272,0.9204573784127409
1,51,0,0,75.44244799788136,2.4173589241171722,0.22971444854971168,1,0.9462213125805594,0.877301286083925,0.9181414663947387
1,52,0,0,75.44244799788136,2.3861401498744073,0.23940935868977284,1,0.945596244717116,0.8717920993118843,0.9157642964986372
1,53,0,0,75.44244799788136,2.3549213756316414,0.2492345335752317,1,0.9449776110737094,0.8660436939674422,0.9133246105688994
1,54,0,0,75.44244799788136,2.3237026013888755,0.25917515885428355,1,0.944364247016354,0.8600516825482425,0.9108211459365253
1,55,0,0,75.44244799788136,2.2924838271461097,0.2692184461553253,1,0.9437551343646726,0.853811763876706,0.9082526368367245
1,56,0,0,75.44244799788136,2.261265052903344,0.2793533230085105,1,0.9431493806761231,0.8473197852951738,0.9056178159170418
1,57,0,0,75.44244799788136,2.230046278660578,0.28957017274569474,1,0.9425462014694094,0.8405718039762291,0.902915415838013
1,58,0,0,75.44244799788136,2.198827504417812,0.29986061654460483,1,0.9419449050381367,0.8335641475094093,0.9001441709682545
1,59,0,0,75.44244799788136,2.167608730175046,0.3102173307658915,1,0.9413448795104904,0.8262934738738444,0.8973028191756718
1,60,0,0,75.44244799788136,2.1363899559322803,0.320633893721458,1,0.9407455818357261,0.8187568308317449,0.8943901037162566
1,61,0,0,75.44244799788136,2.1051711816895144,0.3311046569302775,1,0.9401465284120828,0.8109517146922653,0.8914047752216712
1,62,0,0,75.44244799788136,2.0739524074467486,0.341624636730601,1,0.9395472871067907,0.8028761283064383,0.8883455937865365
1,63,0,0,75.44244799788136,2.0427336332039836,0.35218942281700955,1,0.9389474704536362,0.7945286380660928,0.8852113311560208
1,64,0,0,75.44244799788136,2.0115148589612177,0.36279510086205174,1,0.9383467298453196,0.7859084295957927,0.8820007730139802
1,65,0,0,75.44244799788136,1.9802960847184516,0.37343818687608676,1,0.9377447505659511,0.7770153617488054,0.8787127213715195
1,66,0,0,75.44244799788136,1.9490773104756858,0.38411557136824953,1,0.9371412475333697,0.7678500184474214,0.875345997055434
1,67,0,0,75.44244799788136,1.91785853623292,0.3948244717089852,1,0.9365359616417606,0.7584137578459518,0.8718994422955454
1,68,0,0,75.44244799788136,1.886639761990154,0.4055623913721124,1,0.9359286566126414,0.7487087582426456,0.8683719234094714
1,69,0,0,75.44244799788136,1.8554209877473882,0.41632708496219484,1,0.9353191162770913,0.7387380601258922,0.8647623335828614
1,70,0,0,75.44244799788136,1.8242022135046227,0.4271165281199447,1,0.9347071422244814,0.7285056037116234,0.8610695957425839
1,71,0,0,75.44244799788136,1.7929834392618569,0.4379288915518331,1,0.9340925517633424,0.7180162613140588,0.8572926655197861
1,72,0,0,75.44244799788136,1.761764665019091,0.4487625185561554,1,0.9334751761486335,0.7072758638919425,0.8534305342991408
1,73,0,0,75.44244799788136,1.7305458907763251,0.45961590552152903,1,0.9328548590369035,0.6962912211281906,0.8494822323499596
1,74,0,0,75.44244799788136,1.6993271165335593,0.47048768495928917,1,0.9322314551368411,0.685070134433142,0.8454468320342008
1,75,0,0,75.44244799788136,1.6681083422907934,0.48137661070184157,1,0.9316048290277503,0.6736214023108094,0.84132345108571
1,76,0,0,75.44244799788136,1.636889568048028,0.4922815449574543,1,0.9309748541226739,0.6619548175937375,0.8371112559543213
1,77,0,0,75.44244799788136,1.6056707938052621,0.5032014469604282,1,0.9303414117564182,0.6500811561349058,0.8328094652077286
1,78,0,0,75.44244799788136,1.5744520195624963,0.514135362995879,1,0.9297043903816681,0.6380121566437131,0.8284173529832847
1,79,0,0,75.44244799788136,1.5432332453197304,0.5250824176119446,1,0.9290636848588728,0.6257604914660867,0.8239342524811331
1,80,0,0,75.44244799788136,1.5120144710769645,0.5360418058602983,1,0.9284191958276512,0.6133397282342528,0.8193595594893118
1,81,0,0,75.44244799788136,1.480795696834199,0.547012786429348,1,0.9277708291492393,0.6007642824473194,0.8146927359307014
1,82,0,0,75.44244799788136,1.4495769225914332,0.5579946755542513,1,0.9271184954109737,0.5880493611866406,0.8099333134209236
1,83,0,0,75.44244799788136,1.4183581483486674,0.5689868416044906,1,0.9264621094850745,0.575210898316703,0.8050808968255403
1,84,0,0,75.44244799788136,1.3871393741059015,0.579988700263788,1,0.9258015901350485,0.562265481669374,0.8001351678041537
1,85,0,0,75.44244799788136,1.3559205998631356,0.5909997102290047,1,0.9251368596639483,0.5492302728529792,0.7950958883282953
1,86,0,0,75.44244799788136,1.3247018256203698,0.6020193693647419,1,0.9244678435994947,0.5361229204639377,0.7899629041592853
1,87,0,0,75.44244799788136,1.2934830513776043,0.613047211258921,1,0.9237944704117266,0.5229614676037285,0.7847361482715948
1,88,0,0,75.44244799788136,1.2622642771348385,0.6240828021319157,1,0.9231166712594124,0.5097642547141922,0.7794156442066208
1,89,0,0,75.44244799788136,1.2310455028920726,0.6351257380580417,1,0.9224343797619438,0.49654981883626786,0.7740015093412204
1,90,0,0,75.44244799788136,1.1998267286493067,0.646175642463553,1,0.92174753179384,0.48333679046845157,0.7684939580548475
1,91,0,0,75.44244799788136,1.1686079544065409,0.6572321638698638,1,0.9210560652993628,0.47014378924933087,0.7628933047786964
1,92,0,0,75.44244799788136,1.1373891801637754,0.6682949738546642,1,0.9203599201250404,0.45698931971198975,0.7571999669098946
1,93,0,0,75.44244799788136,1.1061704059210096,0.6793637652069869,1,0.9196590378681753,0.44389166835614374,0.7514144675735114
1,94,0,0,75.44244799788136,1.0749516316782437,0.6904382502552177,1,0.9189533617396364,0.43086880325660004,0.7455374382149671
1,95,0,0,75.44244799788136,1.0437328574354778,0.7015181593495811,1,0.9182428364394429,0.4179382773748649,0.7395696210053383
