GDLIN,OBRAT,BLACK,HISPAN,LOANPRC,fit,se.fit
0,0,1,0,75.44244799788136,0.31589384048229174,0.09035302096170249
0,1,1,0,75.44244799788136,0.3105873878954823,0.08807445050437154
0,2,1,0,75.44244799788136,0.3053200567754275,0.08582158165584029
0,3,1,0,75.44244799788136,0.30009273086672617,0.0835961819911232
0,4,1,0,75.44244799788136,0.29490626933272845,0.08140000982373129
0,5,1,0,75.44244799788136,0.2897615063693527,0.07923481368163819
0,6,1,0,75.44244799788136,0.2846592508442206,0.07710233168584085
0,7,1,0,75.44244799788136,0.27960028596131487,0.07500429078825623
0,8,1,0,75.44244799788136,0.2745853689513241,0.07294240581762003
0,9,1,0,75.44244799788136,0.26961523078780664,0.0709183782731008
0,10,1,0,75.44244799788136,0.2646905759292671,0.0689338947955924
0,11,1,0,75.44244799788136,0.2598120820872063,0.06699062523625332
0,12,1,0,75.44244799788136,0.2549804000201672,0.0650902202310932
0,13,1,0,75.44244799788136,0.2501961533537666,0.06323430817967485
0,14,1,0,75.44244799788136,0.24545993842666708,0.061424491515897225
0,15,1,0,75.44244799788136,0.24077232416240876,0.059662342150159316
0,16,1,0,75.44244799788136,0.23613385196698713,0.057949395956042496
0,17,1,0,75.44244799788136,0.23154503565203036,0.056287146172332075
0,18,1,0,75.44244799788136,0.22700636138339536,0.05467703559435911
0,19,1,0,75.44244799788136,0.22251828765497167,0.05312044743917466
0,20,1,0,75.44244799788136,0.21808124528744907,0.051618694789062426
0,21,1,0,75.44244799788136,0.2136956374517748,0.050173008549499985
0,22,1,0,75.44244799788136,0.20936183971699626,0.048784523902902166
0,23,1,0,75.44244799788136,0.2050802001221566,0.047454265299877375
0,24,1,0,75.44244799788136,0.20085103927188078,0.04618313010602923
0,25,1,0,75.44244799788136,0.1966746504552631,0.04497187111398303
0,26,1,0,75.44244799788136,0.19255129978764207,0.043821078234994607
0,27,1,0,75.44244799788136,0.18848122637481954,0.04273115979770957
0,28,1,0,75.44244799788136,0.18446464249926084,0.04170232399644296
0,29,1,0,75.44244799788136,0.18050173382778537,0.04073456113838562
0,30,1,0,75.44244799788136,0.17659265964023724,0.039827627427063556
0,31,1,0,75.44244799788136,0.17273755307860333,0.03898103107577221
0,32,1,0,75.44244799788136,0.1689365214160254,0.03819402155751998
0,33,1,0,75.44244799788136,0.16518964634513422,0.03746558275734923
0,34,1,0,75.44244799788136,0.1614969842851179,0.036794430692955814
0,35,1,0,75.44244799788136,0.15785856670691484,0.03617901631031008
0,36,1,0,75.44244799788136,0.154274400475911,0.03561753364938649
0,37,1,0,75.44244799788136,0.15074446821150617,0.035107933424986915
0,38,1,0,75.44244799788136,0.14726872866289586,0.03464794179868035
0,39,1,0,75.44244799788136,0.1438471171004117,0.03423508385334428
0,40,1,0,75.44244799788136,0.140479545721744,0.033866711045460324
0,41,1,0,75.44244799788136,0.13716590407236795,0.033540031723198034
0,42,1,0,75.44244799788136,0.13390605947948056,0.03325214367575504
0,43,1,0,75.44244799788136,0.1306998574987524,0.03300006762917483
0,44,1,0,75.44244799788136,0.1275471223731906,0.03278078062550471
0,45,1,0,75.44244799788136,0.12444765750340472,0.03259124830779158
0,46,1,0,75.44244799788136,0.12140124592856437,0.03242845526947183
0,47,1,0,75.44244799788136,0.1184076508173345,0.032289432796362684
0,48,1,0,75.44244799788136,0.11546661596807238,0.032171283515128206
0,49,1,0,75.44244799788136,0.11257786631757218,0.03207120264762306
0,50,1,0,75.44244799788136,0.1097411084576419,0.03198649574274036
0,51,1,0,75.44244799788136,0.10695603115880052,0.03191459290692732
0,52,1,0,75.44244799788136,0.10422230590038685,0.03185305967593575
0,53,1,0,75.44244799788136,0.10153958740637437,0.03179960476173977
0,54,1,0,75.44244799788136,0.09890751418619351,0.03175208497081136
0,55,1,0,75.44244799788136,0.09632570907986662,0.03170850762602447
0,56,1,0,75.44244799788136,0.09379377980677076,0.03166703083846737
0,57,1,0,75.44244799788136,0.09131131951734936,0.03162596197197175
0,58,1,0,75.44244799788136,0.08887790734710428,0.03158375462675442
0,59,1,0,75.44244799788136,0.08649310897220829,0.03153900444334744
0,60,1,0,75.44244799788136,0.0841564771660905,0.03149044399748814
0,61,1,0,75.44244799788136,0.08186755235635705,0.03143693702368981
0,62,1,0,75.44244799788136,0.0796258631814226,0.031377472171970885
0,63,1,0,75.44244799788136,0.07743092704624131,0.03131115647022872
0,64,1,0,75.44244799788136,0.07528225067653872,0.031237208635021024
0,65,1,0,75.44244799788136,0.07317933067096143,0.03115495234666091
0,66,1,0,75.44244799788136,0.0711216540505753,0.03106380958081529
0,67,1,0,75.44244799788136,0.06910869880515978,0.030963294068263363
0,68,1,0,75.44244799788136,0.06713993443576063,0.030853004937000175
0,69,1,0,75.44244799788136,0.06521482249298012,0.030732620576240165
0,70,1,0,75.44244799788136,0.06333281711050232,0.030601892749808454
0,71,1,0,75.44244799788136,0.061493365533365624,0.030460640976600978
0,72,1,0,75.44244799788136,0.059695908640515286,0.03030874718794547
0,73,1,0,75.44244799788136,0.05793988146118534,0.03014615066551492
0,74,1,0,75.44244799788136,0.05622471368467718,0.029972843258665408
0,75,1,0,75.44244799788136,0.054549830163122426,0.029788864876454654
0,76,1,0,75.44244799788136,0.05291465140683507,0.029594299246934033
0,77,1,0,75.44244799788136,0.05131859407187746,0.02938926993441497
0,78,1,0,75.44244799788136,0.049761071439483794,0.029173936604137293
0,79,1,0,75.44244799788136,0.048241493887004605,0.028948491522981377
0,80,1,0,75.44244799788136,0.04675926935005357,0.028713156284460476
0,81,1,0,75.44244799788136,0.0453138037755592,0.028468178746117193
0,82,1,0,75.44244799788136,0.04390450156544192,0.028213830167554663
0,83,1,0,75.44244799788136,0.04253076601065695,0.027950402537601986
0,84,1,0,75.44244799788136,0.0411919997153628,0.02767820607949742
0,85,1,0,75.44244799788136,0.03988760501099355,0.027397566923435264
0,86,1,0,75.44244799788136,0.03861698436003308,0.027108824936334663
0,87,1,0,75.44244799788136,0.03737954074930746,0.026812331699227837
0,88,1,0,75.44244799788136,0.03617467807263056,0.026508448623215095
0,89,1,0,75.44244799788136,0.03500180150265692,0.02619754519548141
0,90,1,0,75.44244799788136,0.03386031785181277,0.025879997347404465
0,91,1,0,75.44244799788136,0.03274963592219539,0.025556185937301686
0,92,1,0,75.44244799788136,0.03166916684434761,0.025226495340857184
0,93,1,0,75.44244799788136,0.0306183244048319,0.02489131214273844
0,94,1,0,75.44244799788136,0.0295965253625452,0.024551023923352077
0,95,1,0,75.44244799788136,0.028603189753732723,0.024206018135101908
1,0,1,0,75.44244799788136,0.9537474253675207,0.02231825823543279
1,1,1,0,75.44244799788136,0.9522780485666131,0.02240672951306164
1,2,1,0,75.44244799788136,0.9507715250866562,0.022484667917154193
1,3,1,0,75.44244799788136,0.9492272621209379,0.022552100319375903
1,4,1,0,75.44244799788136,0.9476446691459206,0.02260911396689128
1,5,1,0,75.44244799788136,0.9460231583802592,0.0226558631662581
1,6,1,0,75.44244799788136,0.9443621452527212,0.022692576523988473
1,7,1,0,75.44244799788136,0.9426610488787003,0.02271956476867221
1,8,1,0,75.44244799788136,0.94091929254499,0.022737229172213363
1,9,1,0,75.44244799788136,0.9391363042024705,0.022746070576856743
1,10,1,0,75.44244799788136,0.9373115169663393,0.02274669901930537
1,11,1,0,75.44244799788136,0.9354443696234959,0.02273984392221191
1,12,1,0,75.44244799788136,0.9335343071466762,0.022726364795375945
1,13,1,0,75.44244799788136,0.9315807812149098,0.02270726235269886
1,14,1,0,75.44244799788136,0.9295832507398559,0.022683689904918817
1,15,1,0,75.44244799788136,0.9275411823975566,0.022656964831079783
1,16,1,0,75.44244799788136,0.9254540511651264,0.02262857986264394
1,17,1,0,75.44244799788136,0.9233213408618819,0.02260021383289503
1,18,1,0,75.44244799788136,0.9211425446943947,0.022573741451697712
1,19,1,0,75.44244799788136,0.9189171658049375,0.02255124156439651
1,20,1,0,75.44244799788136,0.9166447178227762,0.022535003248662665
1,21,1,0,75.44244799788136,0.9143247254177428,0.022527529002514125
1,22,1,0,75.44244799788136,0.9119567248555123,0.02253153419228405
1,23,1,0,75.44244799788136,0.9095402645539901,0.022549941876628156
1,24,1,0,75.44244799788136,0.9070749056402021,0.022585872120862552
1,25,1,0,75.44244799788136,0.9045602225070684,0.02264262498623438
1,26,1,0,75.44244799788136,0.9019958033694268,0.022723656541780247
1,27,1,0,75.44244799788136,0.8993812508186627,0.02283254751814108
1,28,1,0,75.44244799788136,0.8967161823752893,0.022972964608969658
1,29,1,0,75.44244799788136,0.8940002310388111,0.02314861491654737
1,30,1,0,75.44244799788136,0.8912330458341986,0.023363194603690622
1,31,1,0,75.44244799788136,0.8884142923542878,0.023620333401649183
1,32,1,0,75.44244799788136,0.8855436532974152,0.02392353716220749
1,33,1,0,75.44244799788136,0.8826208289995905,0.02427613105045113
1,34,1,0,75.44244799788136,0.879645537960502,0.024681206176065576
1,35,1,0,75.44244799788136,0.8766175173626516,0.02514157240064919
1,36,1,0,75.44244799788136,0.8735365235829012,0.02565971971829097
1,37,1,0,75.44244799788136,0.8704023326957249,0.026237790013865
1,38,1,0,75.44244799788136,0.8672147409674436,0.026877560228822418
1,39,1,0,75.44244799788136,0.8639735653407336,0.02758043710910266
1,40,1,0,75.44244799788136,0.8606786439086908,0.028347462885835808
1,41,1,0,75.44244799788136,0.8573298363777379,0.029179330546522875
1,42,1,0,75.44244799788136,0.8539270245186675,0.03007640686224999
1,43,1,0,75.44244799788136,0.8504701126051144,0.03103876107600095
1,44,1,0,75.44244799788136,0.8469590278387567,0.03206619712058824
1,45,1,0,75.44244799788136,0.8433937207605553,0.03315828738454405
1,46,1,0,75.44244799788136,0.8397741656473445,0.03431440632578645
1,47,1,0,75.44244799788136,0.8361003608930999,0.035533762587124165
1,48,1,0,75.44244799788136,0.832372329374216,0.036815428641851444
1,49,1,0,75.44244799788136,0.8285901187981412,0.03815836735112073
1,50,1,0,75.44244799788136,0.8247538020347286,0.039561455121014825
1,51,1,0,75.44244799788136,0.820863477429675,0.041023501593082566
1,52,1,0,75.44244799788136,0.8169192690994364,0.04254326598492078
1,53,1,0,75.44244799788136,0.8129213272070233,0.04411947032177655
1,54,1,0,75.44244799788136,0.8088698282181002,0.04575080987480656
1,55,1,0,75.44244799788136,0.8047649751368258,0.04743596115688758
1,56,1,0,75.44244799788136,0.8006069977208974,0.04917358783293945
1,57,1,0,75.44244799788136,0.7963961526752792,0.05096234488768548
1,58,1,0,75.44244799788136,0.7921327238241183,0.052800881367117844
1,59,1,0,75.44244799788136,0.7878170222603733,0.05468784197644187
1,60,1,0,75.44244799788136,0.7834493864727087,0.05662186778115197
1,61,1,0,75.44244799788136,0.7790301824492271,0.05860159622202936
1,62,1,0,75.44244799788136,0.7745598037576438,0.060625660621074495
1,63,1,0,75.44244799788136,0.7700386716015324,0.06269268932473263
1,64,1,0,75.44244799788136,0.765467234852295,0.06480130460371286
1,65,1,0,75.44244799788136,0.7608459700565474,0.06695012140532772
1,66,1,0,75.44244799788136,0.7561753814186314,0.06913774603444328
1,67,1,0,75.44244799788136,0.751456000758,0.07136277482253944
1,68,1,0,75.44244799788136,0.7466883874412553,0.07362379283067337
1,69,1,0,75.44244799788136,0.7418731282886442,0.07591937262094797
1,70,1,0,75.44244799788136,0.737010837454857,0.07824807312203146
1,71,1,0,75.44244799788136,0.7321021562840002,0.08060843860702303
1,72,1,0,75.44244799788136,0.7271477531386541,0.08299899779620046
1,73,1,0,75.44244799788136,0.7221483232029572,0.08541826309265559
1,74,1,0,75.44244799788136,0.7171045882596926,0.08786472995529405
1,75,1,0,75.44244799788136,0.7120172964413904,0.09033687641095116
1,76,1,0,75.44244799788136,0.7068872219554916,0.09283316270529915
1,77,1,0,75.44244799788136,0.7017151647836573,0.09535203109065987
1,78,1,0,75.44244799788136,0.6965019503553387,0.09789190574767702
1,79,1,0,75.44244799788136,0.6912484291957671,0.10045119283696596
1,80,1,0,75.44244799788136,0.6859554765485462,0.10302828067626421
1,81,1,0,75.44244799788136,0.6806239919730787,0.1056215400382064
1,82,1,0,75.44244799788136,0.675254898917085,0.10822932456358793
1,83,1,0,75.44244799788136,0.6698491442645111,0.1108499712848373
1,84,1,0,75.44244799788136,0.6644076978591598,0.11348180125434769
1,85,1,0,75.44244799788136,0.6589315520044092,0.11612312027231486
1,86,1,0,75.44244799788136,0.6534217209394237,0.11877221970876155
1,87,1,0,75.44244799788136,0.6478792402922926,0.12142737741449557
1,88,1,0,75.44244799788136,0.6423051665105654,0.12408685871583106
1,89,1,0,75.44244799788136,0.6367005762696905,0.1267489174880006
1,90,1,0,75.44244799788136,0.6310665658598913,0.12941179730228627
1,91,1,0,75.44244799788136,0.625404250552049,0.13207373264200417
1,92,1,0,75.44244799788136,0.6197147639431925,0.13473295018257914
1,93,1,0,75.44244799788136,0.6139992572822268,0.13738767013105
1,94,1,0,75.44244799788136,0.6082588987765583,0.1400361076204406
1,95,1,0,75.44244799788136,0.6024948728803092,0.14267647415452858
0,0,0,1,75.44244799788136,0.33436676248734154,0.10190904307733581
0,1,0,1,75.44244799788136,0.32893324900061405,0.099771246904635
0,2,0,1,75.44244799788136,0.3235356471272014,0.09765629123290276
0,3,0,1,75.44244799788136,0.3181749215954448,0.0955658896560975
0,4,0,1,75.44244799788136,0.3128520140647112,0.09350173175410383
0,5,0,1,75.44244799788136,0.3075678426544473,0.09146548057051573
0,6,0,1,75.44244799788136,0.3023233014975891,0.08945876989894969
0,7,0,1,75.44244799788136,0.2971192603186522,0.08748320135361189
0,8,0,1,75.44244799788136,0.2919565640367897,0.08554034119919265
0,9,0,1,75.44244799788136,0.2868360323940735,0.08363171691506445
0,10,0,1,75.44244799788136,0.2817584596092143,0.0817588134693842
0,11,0,1,75.44244799788136,0.27672461405690324,0.07992306928022398
0,12,0,1,75.44244799788136,0.27173523797291976,0.07812587184347868
0,13,0,1,75.44244799788136,0.2667910471851178,0.07636855301123376
0,14,0,1,75.44244799788136,0.26189273087036247,0.07465238390973009
0,15,0,1,75.44244799788136,0.2570409513374572,0.07297856949323882
0,16,0,1,75.44244799788136,0.2522363438360675,0.071348242739226
0,17,0,1,75.44244799788136,0.24747951639160548,0.06976245850127055
0,18,0,1,75.44244799788136,0.24277104966601518,0.06822218704934635
0,19,0,1,75.44244799788136,0.23811149684435587,0.06672830734224014
0,20,0,1,75.44244799788136,0.23350138354705116,0.0652816000938676
0,21,0,1,75.44244799788136,0.2289412077676391,0.06388274071373057
0,22,0,1,75.44244799788136,0.2244314398358233,0.06253229222120703
0,23,0,1,75.44244799788136,0.21997252240559623,0.06123069825306404
0,24,0,1,75.44244799788136,0.2155648704681734,0.05997827630261922
0,25,0,1,75.44244799788136,0.21120887138944625,0.05877521134625431
0,26,0,1,75.44244799788136,0.20690488497163426,0.057621550027275335
0,27,0,1,75.44244799788136,0.20265324353878497,0.056517195577107514
0,28,0,1,75.44244799788136,0.19845425204574624,0.05546190365821979
0,29,0,1,75.44244799788136,0.19430818821020535,0.05445527931082014
0,30,0,1,75.44244799788136,0.19021530266736486,0.05349677517532535
0,31,0,1,75.44244799788136,0.1861758191468017,0.05258569114432861
0,32,0,1,75.44244799788136,0.18218993467102754,0.051721175571184955
0,33,0,1,75.44244799788136,0.17825781977525143,0.0509022281278856
0,34,0,1,75.44244799788136,0.17437961874781996,0.050127704363667425
0,35,0,1,75.44244799788136,0.17055544989078988,0.04939632196944342
0,36,0,1,75.44244799788136,0.16678540580007076,0.04870666870377735
0,37,0,1,75.44244799788136,0.16306955366455422,0.04805721188623772
0,38,0,1,75.44244799788136,0.15940793558363103,0.047446309316197206
0,39,0,1,75.44244799788136,0.15580056890247987,0.04687222143208036
0,40,0,1,75.44244799788136,0.1522474465644978,0.046333124490024455
0,41,0,1,75.44244799788136,0.1487485374802277,0.04582712451376054
0,42,0,1,75.44244799788136,0.1453037869121268,0.0453522717504881
0,43,0,1,75.44244799788136,0.14191311687450753,0.044906575361152654
0,44,0,1,75.44244799788136,0.1385764265479734,0.04448801807768268
0,45,0,1,75.44244799788136,0.13529359270766292,0.04409457057357939
0,46,0,1,75.44244799788136,0.13206447016460648,0.04372420531642491
0,47,0,1,75.44244799788136,0.12888889221949681,0.04337490969962924
0,48,0,1,75.44244799788136,0.12576667112816434,0.04304469828410836
0,49,0,1,75.44244799788136,0.12269759857805058,0.04273162401655652
0,50,0,1,75.44244799788136,0.11968144617496311,0.04243378832763201
0,51,0,1,75.44244799788136,0.1167179659393996,0.04214935004902363
0,52,0,1,75.44244799788136,0.11380689081172451,0.04187653312161593
0,53,0,1,75.44244799788136,0.11094793516548328,0.04161363309677796
0,54,0,1,75.44244799788136,0.10814079532814197,0.04135902245847531
0,55,0,1,75.44244799788136,0.10538515010854049,0.04111115481508352
0,56,0,1,75.44244799788136,0.10268066133035285,0.04086856802639413
0,57,0,1,75.44244799788136,0.1000269743708536,0.04062988634351357
0,58,0,1,75.44244799788136,0.09742371870429231,0.04039382164749947
0,59,0,1,75.44244799788136,0.09487050844918904,0.04015917387711477
0,60,0,1,75.44244799788136,0.0923669429188669,0.039924830737530836
0,61,0,1,75.44244799788136,0.08991260717455028,0.0396897667807224
0,62,0,1,75.44244799788136,0.08750707258036412,0.03945304194520537
0,63,0,1,75.44244799788136,0.08514989735958227,0.03921379963817021
0,64,0,1,75.44244799788136,0.08284062715148151,0.03897126443741003
0,65,0,1,75.44244799788136,0.08057879556817277,0.038724739484116116
0,66,0,1,75.44244799788136,0.07836392475079111,0.038473603630940593
0,67,0,1,75.44244799788136,0.07619552592444084,0.03821730840296634
0,68,0,1,75.44244799788136,0.07407309995130626,0.03795537482258005
0,69,0,1,75.44244799788136,0.07199613788135231,0.03768739014286884
0,70,0,1,75.44244799788136,0.06996412150005606,0.03741300452815795
0,71,0,1,75.44244799788136,0.06797652387262383,0.037131927714748575
0,72,0,1,75.44244799788136,0.06603280988416736,0.036843925679836985
0,73,0,1,75.44244799788136,0.06413243677532691,0.036548817342015524
0,74,0,1,75.44244799788136,0.062274854672849135,0.0362464713126681
0,75,0,1,75.44244799788136,0.0604595071146414,0.03593680271396068
0,76,0,1,75.44244799788136,0.0586858315688472,0.03561977007596642
0,77,0,1,75.44244799788136,0.0569532599464999,0.03529537232272075
0,78,0,1,75.44244799788136,0.05526121910733557,0.03496364585464106
0,79,0,1,75.44244799788136,0.05360913135836152,0.034624661732731314
0,80,0,1,75.44244799788136,0.05199641494479651,0.03427852296828592
0,81,0,1,75.44244799788136,0.05042248453301937,0.033925361920376554
0,82,0,1,75.44244799788136,0.04888675168517922,0.03356533780221476
0,83,0,1,75.44244799788136,0.04738862532514238,0.03319863429650279
0,84,0,1,75.44244799788136,0.045927512195469214,0.032825457279085965
0,85,0,1,75.44244799788136,0.04450281730513285,0.0324460326495761
0,86,0,1,75.44244799788136,0.04311394436771324,0.032060604267105476
0,87,0,1,75.44244799788136,0.04176029622981645,0.03166943198897233
0,88,0,1,75.44244799788136,0.040441275289490625,0.03127278980963607
0,89,0,1,75.44244799788136,0.039156283904427776,0.030870964097296203
0,90,0,1,75.44244799788136,0.037904724789760286,0.03046425192513086
0,91,0,1,75.44244799788136,0.03668600140527846,0.030052959494166153
0,92,0,1,75.44244799788136,0.03549951833191607,0.02963740064468825
0,93,0,1,75.44244799788136,0.03434468163736658,0.02921789545308481
0,94,0,1,75.44244799788136,0.0332208992307127,0.028794768911007424
0,95,0,1,75.44244799788136,0.03212758120596894,0.028368349683772862
1,0,0,1,75.44244799788136,0.958510246255815,0.022230929866288628
1,1,0,1,75.44244799788136,0.9571636757748428,0.022418930565038075
1,2,0,1,75.44244799788136,0.9557820017843975,0.022601881893379187
1,3,0,1,75.44244799788136,0.9543646270065086,0.02277997397252139
1,4,0,1,75.44244799788136,0.9529109549444246,0.022953452944279383
1,5,0,1,75.44244799788136,0.9514203903090204,0.023122625572832456
1,6,0,1,75.44244799788136,0.9498923394550254,0.023287864000395758
1,7,0,1,75.44244799788136,0.9483262108268309,0.02344961062639794
1,8,0,1,75.44244799788136,0.9467214154136094,0.0236083830701305
1,9,0,1,75.44244799788136,0.9450773672134649,0.02376477916564829
1,10,0,1,75.44244799788136,0.9433934837063107,0.023919481924913392
1,11,0,1,75.44244799788136,0.9416691863351516,0.024073264390816515
1,12,0,1,75.44244799788136,0.9399039009954321,0.02422699428591383
1,13,0,1,75.44244799788136,0.9380970585320856,0.024381638345757947
1,14,0,1,75.44244799788136,0.9362480952439091,0.024538266208031168
1,15,0,1,75.44244799788136,0.9343564533948616,0.024698053710975717
1,16,0,1,75.44244799788136,0.9324215817318713,0.024862285437779567
1,17,0,1,75.44244799788136,0.9304429360087119,0.025032356328816275
1,18,0,1,75.44244799788136,0.9284199795154979,0.025209772172428084
1,19,0,1,75.44244799788136,0.9263521836133225,0.025396148779021542
1,20,0,1,75.44244799788136,0.9242390282735504,0.025593209644540368
1,21,0,1,75.44244799788136,0.9220800026212564,0.025802781919894043
1,22,0,1,75.44244799788136,0.9198746054822878,0.026026790524558554
1,23,0,1,75.44244799788136,0.9176223459334062,0.026267250276899738
1,24,0,1,75.44244799788136,0.9153227438549556,0.026526255961759025
1,25,0,1,75.44244799788136,0.912975330485482,0.026805970317528117
1,26,0,1,75.44244799788136,0.9105796489777195,0.027108609999154827
1,27,0,1,75.44244799788136,0.9081352549553404,0.027436429657669743
1,28,0,1,75.44244799788136,0.905641717069856,0.027791704366786556
1,29,0,1,75.44244799788136,0.9030986175570379,0.02817671071736712
1,30,0,1,75.44244799788136,0.9005055527922253,0.02859370698442426
1,31,0,1,75.44244799788136,0.8978621338438607,0.029044912841696385
1,32,0,1,75.44244799788136,0.8951679870245985,0.029532489148739276
1,33,0,1,75.44244799788136,0.8924227544393124,0.030058518359111868
1,34,0,1,75.44244799788136,0.889626094529321,0.030624986091702288
1,35,0,1,75.44244799788136,0.8867776826121456,0.031233764369282397
1,36,0,1,75.44244799788136,0.883877211416105,0.031886596960699586
1,37,0,1,75.44244799788136,0.8809243916090447,0.03258508717034051
1,38,0,1,75.44244799788136,0.8779189523204967,0.033330688307709716
1,39,0,1,75.44244799788136,0.8748606416565587,0.03412469694984853
1,40,0,1,75.44244799788136,0.871749227206781,0.03496824898914018
1,41,0,1,75.44244799788136,0.8685844965423445,0.03586231834754936
1,42,0,1,75.44244799788136,0.8653662577048171,0.03680771814280449
1,43,0,1,75.44244799788136,0.8620943396847714,0.03780510401759417
1,44,0,1,75.44244799788136,0.8587685928895505,0.03885497929220819
1,45,0,1,75.44244799788136,0.8553888895994715,0.03995770157450396
1,46,0,1,75.44244799788136,0.8519551244117591,0.04111349045684947
1,47,0,1,75.44244799788136,0.8484672146715092,0.042322435944481845
1,48,0,1,75.44244799788136,0.8449251008889813,0.04358450728930851
1,49,0,1,75.44244799788136,0.8413287471425394,0.04489956194301437
1,50,0,1,75.44244799788136,0.837678141466553,0.04626735438905099
1,51,0,1,75.44244799788136,0.8339732962235946,0.04768754466080902
1,52,0,1,75.44244799788136,0.8302142484602721,0.04915970639990383
1,53,0,1,75.44244799788136,0.8264010602460476,0.050683334351729926
1,54,0,1,75.44244799788136,0.8225338189944134,0.052257851233755426
1,55,0,1,75.44244799788136,0.8186126377658023,0.05388261394462715
1,56,0,1,75.44244799788136,0.8146376555516326,0.055556919108794005
1,57,0,1,75.44244799788136,0.8106090375389,0.05728000797222089
1,58,0,1,75.44244799788136,0.8065269753547486,0.059051070680325196
1,59,0,1,75.44244799788136,0.8023916872904742,0.060869249980168745
1,60,0,1,75.44244799788136,0.7982034185044307,0.06273364439589836
1,61,0,1,75.44244799788136,0.7939624412033335,0.0646433109301733
1,62,0,1,75.44244799788136,0.7896690548014762,0.06659726734553152
1,63,0,1,75.44244799788136,0.7853235860574008,0.06859449407894366
1,64,0,1,75.44244799788136,0.7809263891875855,0.07063393584071274
1,65,0,1,75.44244799788136,0.7764778459567421,0.0727145029458371
1,66,0,1,75.44244799788136,0.7719783657443371,0.07483507242232472
1,67,0,1,75.44244799788136,0.7674283855869848,0.07699448893699987
1,68,0,1,75.44244799788136,0.7628283701963833,0.07919156557529655
1,69,0,1,75.44244799788136,0.7581788119524956,0.08142508450753379
1,70,0,1,75.44244799788136,0.7534802308717115,0.08369379757032962
1,71,0,1,75.44244799788136,0.7487331745497495,0.08599642678819806
1,72,0,1,75.44244799788136,0.7439382180790978,0.08833166485703464
1,73,0,1,75.44244799788136,0.7390959639408193,0.09069817560814465
1,74,0,1,75.44244799788136,0.7342070418705833,0.09309459446871511
1,75,0,1,75.44244799788136,0.7292721086988139,0.09551952893216586
1,76,0,1,75.44244799788136,0.724291848164888,0.09797155904962404
1,77,0,1,75.44244799788136,0.7192669707053397,0.10044923795183353
1,78,0,1,75.44244799788136,0.7141982132160718,0.10295109240911046
1,79,0,1,75.44244799788136,0.7090863387886049,0.10547562343547183
1,80,0,1,75.44244799788136,0.7039321364204303,0.10802130694176806
1,81,0,1,75.44244799788136,0.6987364206995721,0.11058659444152805
1,82,0,1,75.44244799788136,0.6935000314634947,0.1131699138122475
1,83,0,1,75.44244799788136,0.6882238334325312,0.11576967011401186
1,84,0,1,75.44244799788136,0.6829087158180438,0.1183842464666134
1,85,0,1,75.44244799788136,0.677555591905558,0.1210120049856968
1,86,0,1,75.44244799788136,0.6721653986131595,0.12365128777792285
1,87,0,1,75.44244799788136,0.6667390960254632,0.12630041799467553
1,88,0,1,75.44244799788136,0.661277666903511,0.12895770094343126
1,89,0,1,75.44244799788136,0.6557821161709854,0.13162142525556572
1,90,0,1,75.44244799788136,0.6502534703771591,0.13428986410907023
1,91,0,1,75.44244799788136,0.6446927771370373,0.13696127650439244
1,92,0,1,75.44244799788136,0.6391011045491826,0.13963390859139221
1,93,0,1,75.44244799788136,0.6334795405917446,0.14230599504520905
1,94,0,1,75.44244799788136,0.6278291924972491,0.14497576048867133
1,95,0,1,75.44244799788136,0.622151186106734,0.14764142095873126
0,0,0,0,75.44244799788136,0.4976877720496318,0.09258502045721861
0,1,0,0,75.44244799788136,0.4917146416606816,0.09061341651422058
0,2,0,0,75.44244799788136,0.48574336861896017,0.08863840515785441
0,3,0,0,75.44244799788136,0.4797752906166725,0.08666234397942622
0,4,0,0,75.44244799788136,0.47381174319807257,0.0846876619165042
0,5,0,0,75.44244799788136,0.46785405886292336,0.08271686254241262
0,6,0,0,75.44244799788136,0.4619035661733656,0.0807525276346742
0,7,0,0,75.44244799788136,0.4559615888651939,0.0787973209963064
0,8,0,0,75.44244799788136,0.4500294449645309,0.07685399248592466
0,9,0,0,75.44244799788136,0.4441084459108815,0.07492538218932461
0,10,0,0,75.44244799788136,0.43819989568753936,0.07301442463544766
0,11,0,0,75.44244799788136,0.4323050899603072,0.07112415292210826
0,12,0,0,75.44244799788136,0.42642531522547783,0.06925770257023342
0,13,0,0,75.44244799788136,0.42056184796800977,0.06741831486833158
0,14,0,0,75.44244799788136,0.41471595383081516,0.0656093394003575
0,15,0,0,75.44244799788136,0.40888888679606006,0.06383423536943358
0,16,0,0,75.44244799788136,0.40308188837935877,0.06209657123721187
0,17,0,0,75.44244799788136,0.3972961868377233,0.06040002209556535
0,18,0,0,75.44244799788136,0.39153299639211003,0.05874836407736668
0,19,0,0,75.44244799788136,0.38579351646537957,0.05714546500279156
0,20,0,0,75.44244799788136,0.3800789309364656,0.05559527035711127
0,21,0,0,75.44244799788136,0.37439040741152096,0.05410178362021744
0,22,0,0,75.44244799788136,0.36872909651278535,0.05266903993735949
0,23,0,0,75.44244799788136,0.3630961311858908,0.051301072160249296
0,24,0,0,75.44244799788136,0.3574926260262927,0.05000186842740762
0,25,0,0,75.44244799788136,0.35191967662548723,0.04877532072326377
0,26,0,0,75.44244799788136,0.34637835893764346,0.047625164284107645
0,27,0,0,75.44244799788136,0.34086972866724974,0.046554908321198435
0,28,0,0,75.44244799788136,0.3353948206783426,0.04556775930196231
0,29,0,0,75.44244799788136,0.32995464842585115,0.044666538933278765
0,30,0,0,75.44244799788136,0.32455020340956303,0.04385359995202024
0,31,0,0,75.44244799788136,0.3191824546511775,0.0431307437331536
0,32,0,0,75.44244799788136,0.31385234819488356,0.04249914442955646
0,33,0,0,75.44244799788136,0.3085608066318622,0.04195928470472428
0,34,0,0,75.44244799788136,0.3033087286490796,0.041510907975916195
0,35,0,0,75.44244799788136,0.29809698860270195,0.0411529913756679
0,36,0,0,75.44244799788136,0.29292643611642816,0.04088374237832177
0,37,0,0,75.44244799788136,0.2877978957049978,0.04070062034304698
0,38,0,0,75.44244799788136,0.2827121664231026,0.04060038230490618
0,39,0,0,75.44244799788136,0.27767002153988596,0.04057915046329048
0,40,0,0,75.44244799788136,0.27267220823918525,0.04063249723319638
0,41,0,0,75.44244799788136,0.26771944734563335,0.0407555426426808
0,42,0,0,75.44244799788136,0.2628124330767001,0.04094305838574091
0,43,0,0,75.44244799788136,0.2579518328207199,0.04118957297032099
0,44,0,0,75.44244799788136,0.253138286940916,0.041489473037551114
0,45,0,0,75.44244799788136,0.2483724086053966,0.041837096911227306
0,46,0,0,75.44244799788136,0.24365478364306462,0.04222681758668623
0,47,0,0,75.44244799788136,0.23898597042534792,0.04265311352241541
0,48,0,0,75.44244799788136,0.23436649977362217,0.04311062663220179
0,49,0,0,75.44244799788136,0.22979687489216902,0.043594207715022024
0,50,0,0,75.44244799788136,0.2252775713264752,0.044098950174489504
0,51,0,0,75.44244799788136,0.22080903694664863,0.04462021327535029
0,52,0,0,75.44244799788136,0.21639169195569868,0.04515363639007325
0,53,0,0,75.44244799788136,0.2120259289223899,0.04569514574400023
0,54,0,0,75.44244799788136,0.20771211283836033,0.046240955114888925
0,55,0,0,75.44244799788136,0.2034505811991537,0.046787561820273674
0,56,0,0,75.44244799788136,0.19924164410879822,0.047331739165343785
0,57,0,0,75.44244799788136,0.19508558440752985,0.04787052634873834
0,58,0,0,75.44244799788136,0.19098265782223606,0.04840121665027063
0,59,0,0,75.44244799788136,0.186933093139169,0.048921344563517766
0,60,0,0,75.44244799788136,0.18293709239845385,0.04942867239311908
0,61,0,0,75.44244799788136,0.17899483110989475,0.049921176713815366
0,62,0,0,75.44244799788136,0.1751064584895578,0.05039703498576129
0,63,0,0,75.44244799788136,0.17127209771659269,0.05085461253711721
0,64,0,0,75.44244799788136,0.16749184620973004,0.05129245005830213
0,65,0,0,75.44244799788136,0.16376577592287767,0.05170925170020873
0,66,0,0,75.44244799788136,0.16009393365921828,0.052103873828779596
0,67,0,0,75.44244799788136,0.15647634140319686,0.05247531445841888
0,68,0,0,75.44244799788136,0.15291299666976851,0.05282270336480746
0,69,0,0,75.44244799788136,0.14940387287026677,0.05314529286212128
0,70,0,0,75.44244799788136,0.1459489196942372,0.05344244921901323
0,71,0,0,75.44244799788136,0.14254806350656973,0.0537136446808568
0,72,0,0,75.44244799788136,0.13920120775925507,0.05395845006173186
0,73,0,0,75.44244799788136,0.1359082334170789,0.05417652786772286
0,74,0,0,75.44244799788136,0.1326689993965606,0.05436762591271547
0,75,0,0,75.44244799788136,0.12948334301743772,0.05453157138857407
0,76,0,0,75.44244799788136,0.1263510804659898,0.05466826535301254
0,77,0,0,75.44244799788136,0.12327200726949282,0.054777677600378945
0,78,0,0,75.44244799788136,0.12024589878109114,0.05485984188276483
0,79,0,0,75.44244799788136,0.11727251067437275,0.05491485145118244
0,80,0,0,75.44244799788136,0.11435157944693174,0.054942854888923975
0,81,0,0,75.44244799788136,0.11148282293220398,0.054944052211556904
0,82,0,0,75.44244799788136,0.10866594081886108,0.05491869121026573
0,83,0,0,75.44244799788136,0.10590061517705239,0.054867064017395675
0,84,0,0,75.44244799788136,0.10318651099078736,0.054789503875065336
0,85,0,0,75.44244799788136,0.10052327669575481,0.05468638208958518
0,86,0,0,75.44244799788136,0.09791054472188225,0.054558105156143066
0,87,0,0,75.44244799788136,0.09534793203994442,0.05440511203979814
0,88,0,0,75.44244799788136,0.09283504071153738,0.05422787160026626
0,89,0,0,75.44244799788136,0.09037145844174439,0.05402688014928752
0,90,0,0,75.44244799788136,0.08795675913382725,0.05380265913055083
0,91,0,0,75.44244799788136,0.08559050344528829,0.05355575291321732
0,92,0,0,75.44244799788136,0.0832722393446592,0.05328672669104483
0,93,0,0,75.44244799788136,0.08100150266838409,0.052996164479976675
0,94,0,0,75.44244799788136,0.07877781767717645,0.052684667207828745
0,95,0,0,75.44244799788136,0.07660069761124508,0.052352850890398366
1,0,0,0,75.44244799788136,0.9844482013459787,0.007689417234278172
1,1,0,0,75.44244799788136,0.9838537423045306,0.007719476968439318
1,2,0,0,75.44244799788136,0.9832399191514741,0.0077421376947727815
1,3,0,0,75.44244799788136,0.982606243207845,0.007757060466448289
1,4,0,0,75.44244799788136,0.9819522190348609,0.007763911853616192
1,5,0,0,75.44244799788136,0.9812773445546333,0.007762366735319024
1,6,0,0,75.44244799788136,0.9805811111808025,0.007752111610892724
1,7,0,0,75.44244799788136,0.9798630039592655,0.007732848538809456
1,8,0,0,75.44244799788136,0.9791225017191585,0.007704299836764495
1,9,0,0,75.44244799788136,0.9783590772342425,0.007666213709373815
1,10,0,0,75.44244799788136,0.9775721973948375,0.007618371010902689
1,11,0,0,75.44244799788136,0.9767613233904331,0.007560593402184655
1,12,0,0,75.44244799788136,0.9759259109031021,0.007492753225969343
1,13,0,0,75.44244799788136,0.9750654103118219,0.007414785506460117
1,14,0,0,75.44244799788136,0.9741792669078078,0.0073267025801748145
1,15,0,0,75.44244799788136,0.9732669211209409,0.00722861198980079
1,16,0,0,75.44244799788136,0.9723278087573686,0.00712073842275383
1,17,0,0,75.44244799788136,0.9713613612483357,0.00700345065124469
1,18,0,0,75.44244799788136,0.9703670059102965,0.006877294624167929
1,19,0,0,75.44244799788136,0.9693441662163398,0.006743034054035529
1,20,0,0,75.44244799788136,0.9682922620789485,0.00660169999233942
1,21,0,0,75.44244799788136,0.9672107101440947,0.006454650911140929
1,22,0,0,75.44244799788136,0.9660989240966638,0.006303644556084128
1,23,0,0,75.44244799788136,0.9649563149771766,0.0061509220488693925
1,24,0,0,75.44244799788136,0.9637822915097709,0.005999302989264431
1,25,0,0,75.44244799788136,0.9625762604413788,0.005852287061940146
1,26,0,0,75.44244799788136,0.9613376268920275,0.0057141522137684675
1,27,0,0,75.44244799788136,0.9600657947161676,0.005590031345988495
1,28,0,0,75.44244799788136,0.9587601668749183,0.005485939086446541
1,29,0,0,75.44244799788136,0.9574201458191012,0.005408710167456254
1,30,0,0,75.44244799788136,0.9560451338829151,0.0053658074008308305
1,31,0,0,75.44244799788136,0.9546345336880857,0.005364969815986812
1,32,0,0,75.44244799788136,0.9531877485583069,0.00541370869178069
1,33,0,0,75.44244799788136,0.9517041829437709,0.005518718122179658
1,34,0,0,75.44244799788136,0.9501832428555634,0.005685323853682731
1,35,0,0,75.44244799788136,0.9486243363096851,0.005917111448466916
1,36,0,0,75.44244799788136,0.9470268737804364,0.006215828427667737
1,37,0,0,75.44244799788136,0.9453902686628892,0.006581562840769104
1,38,0,0,75.44244799788136,0.943713937744143,0.007013114367797143
1,39,0,0,75.44244799788136,0.9419973016830488,0.007508437265826852
1,40,0,0,75.44244799788136,0.9402397854980638,0.008065051854007636
1,41,0,0,75.44244799788136,0.9384408190628776,0.00868036636306398
1,42,0,0,75.44244799788136,0.9365998376094363,0.009351894509482483
1,43,0,0,75.44244799788136,0.9347162822379675,0.01007738142710009
1,44,0,0,75.44244799788136,0.9327896004335927,0.010854861239466183
1,45,0,0,75.44244799788136,0.9308192465890948,0.011682669529016749
1,46,0,0,75.44244799788136,0.9288046825333889,0.012559429262136606
1,47,0,0,75.44244799788136,0.9267453780652293,0.013484023158711713
1,48,0,0,75.44244799788136,0.9246408114916614,0.01445556076363998
1,49,0,0,75.44244799788136,0.9224904701707208,0.015473345034455778
1,50,0,0,75.44244799788136,0.9202938510578509,0.016536840982441497
1,51,0,0,75.44244799788136,0.9180504612555086,0.017645647503787686
1,52,0,0,75.44244799788136,0.9157598185653982,0.018799472730391675
1,53,0,0,75.44244799788136,0.9134214520427685,0.019998112799002727
1,54,0,0,75.44244799788136,0.9110349025521861,0.021241433732332685
1,55,0,0,75.44244799788136,0.9085997233241888,0.022529356049548716
1,56,0,0,75.44244799788136,0.9061154805122051,0.023861841716715293
1,57,0,0,75.44244799788136,0.9035817537491148,0.025238883075115383
1,58,0,0,75.44244799788136,0.900998136702815,0.026660493427013564
1,59,0,0,75.44244799788136,0.8983642376301414,0.02812669900353157
1,60,0,0,75.44244799788136,0.8956796799284841,0.029637532082432305
1,61,0,0,75.44244799788136,0.8929441026844317,0.03119302506231735
1,62,0,0,75.44244799788136,0.890157161218762,0.03279320533324335
1,63,0,0,75.44244799788136,0.8873185276270952,0.034438090812109266
1,64,0,0,75.44244799788136,0.8844278913155149,0.03612768603481105
1,65,0,0,75.44244799788136,0.8814849595304568,0.03786197871669974
1,66,0,0,75.44244799788136,0.878489457882161,0.039640936708933455
1,67,0,0,75.44244799788136,0.8754411308609777,0.041464505291457905
1,68,0,0,75.44244799788136,0.8723397423458151,0.04333260475409187
1,69,0,0,75.44244799788136,0.869185076104014,0.04524512822596656
1,70,0,0,75.44244799788136,0.8659769362819341,0.04720193972073266
1,71,0,0,75.44244799788136,0.8627151478855378,0.04920287237080471
1,72,0,0,75.44244799788136,0.8593995572502553,0.05124772682870542
1,73,0,0,75.44244799788136,0.8560300324994222,0.053336269817497305
1,74,0,0,75.44244799788136,0.8526064639905797,0.05546823281551249
1,75,0,0,75.44244799788136,0.8491287647489348,0.05764331086323802
1,76,0,0,75.44244799788136,0.8455968708872845,0.0598611614823933
1,77,0,0,75.44244799788136,0.8420107420117124,0.06212140369903208
1,78,0,0,75.44244799788136,0.8383703616123762,0.06442361716398153
1,79,0,0,75.44244799788136,0.8346757374387168,0.06676734136515318
1,80,0,0,75.44244799788136,0.83092690185842355,0.06915207492726938
1,81,0,0,75.44244799788136,0.8271239121995096,0.07157727499538105
1,82,0,0,75.44244799788136,0.8232668510748613,0.07404235669923744
1,83,0,0,75.44244799788136,0.8193558266886368,0.07654669269613318
1,84,0,0,75.44244799788136,0.8153909731239134,0.07908961279031886
1,85,0,0,75.44244799788136,0.8113724506109885,0.0816704036274382
1,86,0,0,75.44244799788136,0.8073004457757681,0.08428830846275917
1,87,0,0,75.44244799788136,0.803175171867687,0.086942527002211
1,88,0,0,75.44244799788136,0.7989968689666314,0.08963221531543074
1,89,0,0,75.44244799788136,0.7947658041683507,0.0923564858201732
1,90,0,0,75.44244799788136,0.7904822717478749,0.0951144073375498
1,91,0,0,75.44244799788136,0.7861465933004664,0.09790500521764228
1,92,0,0,75.44244799788136,0.7817591178596734,0.10072726153509015
1,93,0,0,75.44244799788136,0.777320221992065,0.10358011535428185
1,94,0,0,75.44244799788136,0.7728303098682617,0.1064624630637877
1,95,0,0,75.44244799788136,0.7682898133099032,0.10937315877966708
